1629,應用英語系,語言學概論,洪豐生,D107,(三)2-4
1630,應用英語系,文學作品讀法,謝作偉,D203,(一)2-4
1631,應用英語系,進階英文寫作II,馮蕙嫻,D208電腦教室,(一)5-6
1632,應用英語系,進階聽力與會話II,甯大衛,D203,(四)2-4
1694,應用英語系,商務英文寫作,許正義,D417,(二)5-7
1695,應用英語系,商務英文寫作,傅若珊,D205電腦教室,(四)7-9
1696,應用英語系,全球議題與趨勢,蔡依玲,D417,(四)5-6
1697,應用英語系,全球議題與趨勢,周雋,D108,(四)8-9
1698,應用英語系,英國文學,白堂隆,D208電腦教室,(五)5-7
1699,應用英語系,程式設計與語言應用,馮蕙嫻,D208電腦教室,(二)5-7
1700,應用英語系,政經筆譯,丘羽先,D110電腦教室,(一)7-8
1701,應用英語系,政經筆譯,丘羽先,D110電腦教室,(四)5-6
1702,應用英語系,進階口譯,丘羽先,D109,(二)5-6
5435,應用英語系,商務英語簡報,許正義,D201,(一)7-9
5436,應用英語系,商務英語簡報,羅雅芬,D517,(二)5-7
1710,應用英語系,歐洲文學,謝作偉,E004,(三)2-4
1711,應用英語系,會議與談判英語,廖惠娟,D418,(五)5-7
1712,應用英語系,會議與談判英語,王怡人,D101,(二)5-7
1713,應用英語系,跨文化翻譯,陳致宏,D203,(一)5-6
1714,應用英語系,跨文化翻譯,陳致宏,D203,(二)5-6
1715,應用英語系,產品介紹與展覽,羅雅芬,D517,(四)2-4
1716,應用英語系,語言與社會,戴宣毓,D110電腦教室,(四)2-4
5467,應用英語系,英語能力檢定,張淑君,D108,(五)7-8
1736,應用日語系,初階日語Ⅱ,劉伯雯,E303,(四)3-4
1737,應用日語系,初階日語Ⅱ,陳志坪,D104,(四)3-4
1738,應用日語系,日語讀解Ⅱ,孫逸珊,D105,(四)5-6
1739,應用日語系,日語聽解Ⅱ,長安靜美,E305,(三)1-2
1740,應用日語系,日語聽解Ⅱ,長安靜美,E305,(三)3-4
1741,應用日語系,初階日語Ⅱ,齋美智子,E302,(四)3-4
1742,應用日語系,日語讀解Ⅱ,黃愛玲,D105,(一)5-6
1743,應用日語系,基礎日語演練Ⅱ,陳建如,E305,(二)5-6
1744,應用日語系,永續城市與日語運用Ⅱ,陳怡如,E303,(一)5-6
1745,應用日語系,日本文化II,劉伯雯,E303,(二)5-6
1746,應用日語系,日本社會Ⅱ,陳怡如,E303,(一)7-8
1747,應用日語系,日語聽解Ⅱ,陳玫君,D206電腦教室,(三)3-4
1748,應用日語系,日本歷史概論II,劉伯雯,E303,(二)7-8
1749,應用日語系,台日生活文化論Ⅱ,林根藤,E002,(三)7-8
1750,應用日語系,初階日語Ⅱ,江俊賢,D104,(三)1-2
1751,應用日語系,初階日語Ⅱ,江俊賢,D104,(三)3-4
1752,應用日語系,日語讀解Ⅱ,林根藤,D106,(四)5-6
1753,應用日語系,日語聽解Ⅱ,陳玫君,D206電腦教室,(四)3-4
1754,應用日語系,日語聽解Ⅱ,孫逸珊,D206電腦教室,(三)7-8
1758,應用日語系,進階日語演練ⅠⅠ,許曼莉,D104,(二)7-8
1759,應用日語系,日本外交現勢Ⅱ,郭德信,E002,(二)7-8
1760,應用日語系,日本地理Ⅱ,劉伯雯,E303,(四)1-2
1765,應用日語系,口譯進階訓練,長安靜美,D416,(二)3-4
1767,應用日語系,日語商業簡報,黃愛玲,D206電腦教室,(三)1-2
1768,應用日語系,日本職場文化Ⅱ,馮湘鈞,D104,(四)1-2
1769,應用日語系,日本近現代文學導讀II,林蕙美,D106,(三)1-2
1777,應用日語系,上階日語Ⅱ,陳玫君,D106,(二)7-8
1781,應用日語系,日本企業行銷,陳志坪,D104,(三)7-8
1782,應用日語系,逐步口譯訓練II,長安靜美,D418,(一)3-4
1784,應用日語系,筆譯Ⅱ,林蕙美,D206電腦教室,(二)5-6
1788,應用日語系,觀光日語Ⅱ,陳玫君,D106,(二)5-6
1790,應用日語系,媒體日文閱讀Ⅱ,林根藤,E002,(四)3-4
1791,應用日語系,文型寫作練習Ⅱ,蕪木香名子,E302,(一)5-6
1792,應用日語系,日本名著選讀Ⅱ,林根藤,E002,(二)3-4
1798,應用日語系,商業日語書信寫作,孫逸珊,D206電腦教室,(一)3-4
1800,應用日語系,專業筆譯Ⅱ,長安靜美,D416,(二)1-2
1801,應用日語系,綜合日語進階,方琮煒,D106,(四)1-2
1803,應用日語系,日語交涉與談判Ⅱ,齋美智子,E302,(二)7-8
1804,應用日語系,日本文學世界與語言II,林根藤,E002,(二)5-6
4067,應用日語系,實務應用文,蔣忠益,D106,(一)1-2
5435,應用日語系,商務英語簡報,許正義,D201,(一)7-9
4067,基礎教育中心,實務應用文,蔣忠益,D106,(一)1-2
2,電機與資訊學院,智慧科技應用專論,徐偉智,F223,(五)2-4
103,智慧系統技優專班,基本電學(二),王德謙,B323,(四)2-4
104,智慧系統技優專班,微積分(二),陳群奇,B323,(二)9
104,智慧系統技優專班,微積分(二),陳群奇,B323,(三)3-4
105,智慧系統技優專班,數位邏輯,陳群奇,B323,(三)7-9
107,智慧系統技優專班,職種技能育成實習(二),陳耀煌,B323,(五)2-4
108,智慧系統技優專班,系統工程技能實習(二),陳群奇,B323,(二)5-8
109,智慧系統技優專班,智慧工程技能實習(二),林俊宏,B323,(四)5-8
4136,智慧系統技優專班,中文閱讀與表達(二),謝孟芸,B323,(二)3-4
110,智慧系統技優專班,機器人學,陳群奇,B323,(一)5-7
255,電子工程系[第一],物理,王德謙,B342,(二)5-7
256,電子工程系[第一],程式語言,林俊宏,F223,(三)2-4
257,電子工程系[第一],程式語言,梁毓珊,F223,(四)2-4
258,電子工程系[第一],微積分(二),范淑媛,E014,(二)2-4
259,電子工程系[第一],微積分(二),范淑媛,E014,(三)7-9
260,電子工程系[第一],電子學,陳浩暉,B342,(五)2-4
261,電子工程系[第一],電子學實習,曾國境,S202,(一)7-9
262,電子工程系[第一],電腦與電機英文,許耀文,E014,(四)5-6
263,電子工程系[第一],數位設計,吳毓恩,B504,(三)2-4
264,電子工程系[第一],數位設計,吳毓恩,B504,(四)2-4
1935,電子工程系[第一],科技創新,沈志隆,B222,(三)3-4
4123,電子工程系[第一],中文閱讀與表達(二),柳秀英,B222,(一)3-4
4124,電子工程系[第一],中文閱讀與表達(二),黃慶雄,B225,(一)3-4
266,電子工程系[第一],工程數學(二),陳群奇,B342,(一)2-4
267,電子工程系[第一],視窗程式設計,林俊宏,F223,(三)7-9
268,電子工程系[第一],電力電子學,沈志隆,B222,(二)2-4
269,電子工程系[第一],電路學(二),沈志隆,B342,(四)2-4
270,電子工程系[第一],電磁學,陳建宏,B342,(二)10-12
272,電子工程系[第一],數位電子電路,范淑媛,E014,(三)2-4
273,電子工程系[第一],數位電子電路,范淑媛,E014,(二)5-7
274,電子工程系[第一],基本FPGA設計實習,陳銘志,B504,(四)5-7
275,電子工程系[第一],積體電路佈局實習,陳俊吉,B342,(一)7-9
277,電子工程系[第一],電腦網路,"葉期財,鄭印廷",F223,(三)10-12
279,電子工程系[第一],數位訊號處理,陳朝烈,B222,(四)5-7
280,電子工程系[第一],電機設備檢測,楊進成,F225,(二)2-4
282,電子工程系[第一],太陽能應用實務,周榮題,F225,(一)5-7
283,電子工程系[第一],可程式工業控制實習,楊進成,F223,(二)5-7
285,電子工程系[第一],車輛系統實務,張簡嘉壬,E014,(五)2-4
287,電子工程系[第一],自動收費系統實務,張簡嘉壬,E014,(五)5-7
354,電子工程系[第一],智能系統與物聯網技術應用,葉期財,B504,(一)2-4
288,電子工程系[第一],專題演講(二),"陳浩暉,許耀文,陳俊吉,吳毓恩",E014,(三)5-6
344,電子工程系[第一],微波工程,許耀文,B225,(三)7-9
346,電子工程系[第一],台鐵通訊系統實務,彭君晏,B222,(四)10-12
347,電子工程系[第一],輕軌號誌系統實務,施勇全,B222,(二)10-12
348,電子工程系[第一],無線通訊技術,梁毓珊,B504,(二)2-4
349,電子工程系[第一],電力轉換器分析與產業應用,范淑媛,E014,(四)2-4
351,電子工程系[第一],機器學習與實作,陳朝烈,B504,(三)7-9
352,電子工程系[第一],電力轉換電路設計,曾國境,S202,(三)2-4
353,電子工程系[第一],電能儲存與電力轉換技術,曾國境,S202,(二)7-9
291,電腦與通訊工程系,物理(二),洪金車,B345,(四)5-7
292,電腦與通訊工程系,程式設計實習,賴玟杏,S204,(三)2-4
293,電腦與通訊工程系,微積分(二),楊新雄,B345,(五)2-4
294,電腦與通訊工程系,計算機程式設計(二),江傳文,B342,(五)5-7
295,電腦與通訊工程系,多媒體與網路導論,蔡碩仁,F455,(二)6-8
296,電腦與通訊工程系,微積分演習(二),楊新雄,B121,(二)5
297,電腦與通訊工程系,電腦與通訊英語,陳慶永,E210,(四)2-4
298,電腦與通訊工程系,基礎電工實習(二),萬欽德,F455,(三)7-9
4121,電腦與通訊工程系,中文閱讀與表達(二),王惠萱,E209,(二)1-2
299,電腦與通訊工程系,物理(二),陳慶永,E210,(五)2-4
300,電腦與通訊工程系,程式設計實習,賴玟杏,B229,(二)6-8
301,電腦與通訊工程系,微積分(二),曾建誠,B125,(四)5-7
302,電腦與通訊工程系,計算機程式設計(二),魏清煌,B345,(四)2-4
303,電腦與通訊工程系,多媒體與網路導論,蔡碩仁,B229,(三)2-4
304,電腦與通訊工程系,電腦與通訊英語,楊新雄,B123,(五)5-7
4122,電腦與通訊工程系,中文閱讀與表達(二),陳猷青,E210,(二)1-2
305,電腦與通訊工程系,視窗程式設計,黃世勳,B345,(三)2-4
306,電腦與通訊工程系,電子電路,彭康峻,B121,(四)2-4
307,電腦與通訊工程系,電工實習(二),張剛鳴,B506,(三)7-9
308,電腦與通訊工程系,電路學(二),張剛鳴,B121,(五)2-4
309,電腦與通訊工程系,機率,吳介騫,B345,(二)5
309,電腦與通訊工程系,機率,吳介騫,B345,(二)6
309,電腦與通訊工程系,機率,吳介騫,B342,(四)5
310,電腦與通訊工程系,富氏分析,賴玟杏,B121,(四)6-8
311,電腦與通訊工程系,作業系統實習,陳慶永,B229,(五)5-7
312,電腦與通訊工程系,作業系統應用,吳大鈞,B125,(三)7-9
313,電腦與通訊工程系,電子電路實習,彭康峻,B506,(二)7-9
314,電腦與通訊工程系,組合語言,黃世勳,B345,(五)5-7
320,電腦與通訊工程系,資料結構實習,曾士桓,B229,(三)7-9
315,電腦與通訊工程系,電子電路,陳寶龍,B123,(五)2-4
316,電腦與通訊工程系,電路學(二),汪桓生,B123,(三)1-2
316,電腦與通訊工程系,電路學(二),汪桓生,B123,(四)1
317,電腦與通訊工程系,機率,吳介騫,B345,(二)7
317,電腦與通訊工程系,機率,吳介騫,B345,(二)8
317,電腦與通訊工程系,機率,吳介騫,B342,(四)6
318,電腦與通訊工程系,富氏分析,萬欽德,B121,(三)3-4
318,電腦與通訊工程系,富氏分析,萬欽德,B121,(四)5
319,電腦與通訊工程系,作業系統應用,吳大鈞,B123,(四)2-4
321,電腦與通訊工程系,電子電路實習,陳寶龍,B506,(四)7-9
322,電腦與通訊工程系,系統分析與設計,曾士桓,B125,(五)5-7
323,電腦與通訊工程系,計算機組織,魏清煌,B342,(三)2-4
325,電腦與通訊工程系,數位系統設計,林壽煦,B229,(五)2-4
326,電腦與通訊工程系,量子計算導論,曾建誠,E210,(二)5-7
327,電腦與通訊工程系,通訊工程,郝敏忠,E209,(四)2-4
328,電腦與通訊工程系,微處理器實習,汪桓生,B123,(三)7-9
329,電腦與通訊工程系,積體電路導論,謝瑞鴻,F455,(一)2-4
330,電腦與通訊工程系,物件導向系統分析實習,江傳文,F106,(四)6-8
331,電腦與通訊工程系,資料庫系統,徐偉智,B125,(四)2-4
333,電腦與通訊工程系,數位訊號處理,林壽煦,B125,(三)2-4
334,電腦與通訊工程系,演化式計算,江傳文,B123,(二)5-6
334,電腦與通訊工程系,演化式計算,江傳文,B123,(四)5
335,電腦與通訊工程系,複變數,曾建誠,B125,(一)3-4
335,電腦與通訊工程系,複變數,曾建誠,B125,(二)8
336,電腦與通訊工程系,微波元件實習,彭康峻,F452,(五)5-7
338,電腦與通訊工程系,數位系統實習,陳寶龍,F452,(二)7-9
965,電腦與通訊工程系,資料壓縮,洪金車,B125,(五)2-4
337,電腦與通訊工程系,微處理器實習,汪桓生,B123,(四)6-8
364,電腦與通訊工程系,超大型積體電路設計,謝瑞鴻,F455,(三)2-4
365,電腦與通訊工程系,行動邊緣計算,萬欽德,F106,(五)2-4
366,電腦與通訊工程系,生醫訊號處理,張剛鳴,F106,(四)2-4
367,電腦與通訊工程系,網路與資安攻防實習,吳介騫,F455,(四)2-4
368,電腦與通訊工程系,超大型積體電路設計實習,謝瑞鴻,F455,(四)5-7
369,電腦與通訊工程系,機器學習,曾士桓,S204,(二)5-7
371,電腦與通訊工程系,智慧感測網路,魏清煌,F106,(二)2-4
372,電腦與通訊工程系,通訊系統設計實習,郝敏忠,F106,(三)7-9
373,電腦與通訊工程系,行動裝置程式設計實習,徐偉智,S204,(五)5-7
376,電腦與通訊工程系,展頻通訊,郝敏忠,B345,(一)2-4
965,電子工程系[建工|燕巢校區 ],資料壓縮,洪金車,B125,(五)2-4
1320,營建工程系,微積分(二),林志森,B119,(三)2-4
1321,營建工程系,普通物理(二),李振榮,F129,(三)7-9
1322,營建工程系,工程製圖與實習,翁佳樑,B337,(四)1-4
1323,營建工程系,建築物理環境,柯佑沛,B445,(五)5-6
1324,營建工程系,工程靜力學,張簡嘉賞,F129,(四)5-7
1325,營建工程系,計算機程式與應用,許懷後,B337,(二)5-7
1326,營建工程系,建築計畫與設計實習,謝秉銓,F151,(五)2-4
3945,營建工程系,環境教育教材教法,"陳勝一,林維㨗",E201,(一)7-8
4108,營建工程系,中文閱讀與表達(二),廖堅均,E207,(一)3-4
1327,營建工程系,微積分(二),張簡嘉賞,B445,(四)2-4
1328,營建工程系,普通物理(二),郭耕杖,F129,(三)2-4
1329,營建工程系,工程製圖與實習,"陳加全,李昭毅",B337,(四)5-8
1330,營建工程系,工程靜力學,郭耕杖,B445,(二)5-7
1331,營建工程系,計算機程式與應用,許懷後,B337,(三)7-9
4109,營建工程系,中文閱讀與表達(二),陳鍾琇,E207,(二)3-4
1332,營建工程系,工程數學(二),楊國珍,B119,(五)2-4
1333,營建工程系,流體力學,柯佑沛,B445,(三)7-9
1334,營建工程系,混凝土材料與實習,"林彥宇,許鎧麟",F124,(四)1-4
1335,營建工程系,建築環境控制,柯佑沛,B445,(一)3-4
1336,營建工程系,機電施工法,柯佑沛,B445,(五)2-4
1337,營建工程系,結構分析(一),林錦隆,B119,(二)5-7
1338,營建工程系,鋼筋混凝土(一),張簡嘉賞,B445,(三)2-4
1339,營建工程系,建築構造細部大樣,謝秉銓,F151,(四)5-7
1340,營建工程系,職業安全衛生法規,李振榮,F129,(五)5-7
1341,營建工程系,建築工程設計（二）,廖婉茹,F151,(三)7-9
1342,營建工程系,混凝土材料與實習,"林彥宇,許鎧麟",F124,(二)5-8
1343,營建工程系,結構分析(一),林錦隆,B118,(三)2-4
1344,營建工程系,鋼筋混凝土(一),張簡嘉賞,B118,(五)5-7
1345,營建工程系,職業安全衛生法規,李振榮,F129,(四)2-4
1346,營建工程系,建築工程設計（二）,李昭毅,F126,(三)7-9
1348,營建工程系,建築工程製圖實務,陳加全,E207,(五)2-4
1349,營建工程系,營建技術實作與創新,廖婉茹,F151,(四)2-4
1350,營建工程系,基礎工程,范嘉程,F129,(二)5-7
1351,營建工程系,結構系統,郭耕杖,B118,(四)5-7
1352,營建工程系,交通設施工程,"林彥宇,楊清宏",B119,(三)7-9
1353,營建工程系,工程測量實習,盧金胡,F124,(三)2-4
1354,營建工程系,營建工程估價,郭明恩,B118,(五)2-4
1355,營建工程系,施工方法及機具(二),陳懿佐,B118,(二)8-9
1357,營建工程系,營建技術實作與創新,謝仲凱,F126,(四)2-4
1358,營建工程系,基礎工程,林志森,B119,(五)5-7
1359,營建工程系,工程測量實習,盧金胡,F124,(五)2-4
1360,營建工程系,營建工程估價,郭明恩,E204,(三)2-4
1361,營建工程系,施工方法及機具(二),陳懿佐,E207,(二)5-6
1363,營建工程系,鋼結構施工實務,楊國珍,B119,(四)2-4
1516,營建工程系,隧道工程,林志森,B118,(三)7-9
1519,營建工程系,結構減震技術,林錦隆,B118,(二)2-4
1522,營建工程系,工程糾紛與求償,郭明恩,F146,(五)5-7
1524,營建工程系,開放式建築構造,翁佳樑,F146,(二)5-7
1525,營建工程系,生產力評量與控制,林建良,B118,(二)5-7
1526,營建工程系,坡地工程與生態技術,范嘉程,B119,(一)5-7
1883,營建工程系,建築健康診斷,翁佳樑,B119,(四)5-7
1884,營建工程系,生態工程材料選擇與應用,林彥宇,F146,(三)2-4
5430,營建工程系,營建管理資訊系統,陳懿佐,F146,(四)5-7
1364,環境與安全衛生工程系,工程圖學,許宏德,B124,(四)6-7
1365,環境與安全衛生工程系,物理(二),"蔡宗岳,賴怡潔",F108,(二)7
1365,環境與安全衛生工程系,物理(二),"蔡宗岳,賴怡潔",F108,(四)1-2
1366,環境與安全衛生工程系,統計學,賴俊吉,B124,(二)8
1366,環境與安全衛生工程系,統計學,賴俊吉,B124,(五)3-4
1367,環境與安全衛生工程系,微積分(二),王振華,B124,(二)5-6
1367,環境與安全衛生工程系,微積分(二),王振華,B124,(四)5
1368,環境與安全衛生工程系,環境工程化學,蔡宗岳,B124,(三)7-9
1369,環境與安全衛生工程系,工業衛生概論,"許德仁,李家偉,許昺奇",B124,(四)3-4
3945,環境與安全衛生工程系,環境教育教材教法,"陳勝一,林維㨗",E201,(一)7-8
4106,環境與安全衛生工程系,中文閱讀與表達(二),廖堅均,B120,(一)1-2
1370,環境與安全衛生工程系,物理(二),"蔡宗岳,賴怡潔",F108,(二)8
1370,環境與安全衛生工程系,物理(二),"蔡宗岳,賴怡潔",F108,(四)3-4
1371,環境與安全衛生工程系,統計學,賴俊吉,B124,(二)7
1371,環境與安全衛生工程系,統計學,賴俊吉,B124,(五)1-2
1372,環境與安全衛生工程系,微積分(二),陳勝一,F108,(二)5-6
1372,環境與安全衛生工程系,微積分(二),陳勝一,F108,(四)5
1373,環境與安全衛生工程系,環境工程化學,張朝欽,B120,(三)7-9
1374,環境與安全衛生工程系,工業衛生概論,"許德仁,李家偉,許昺奇",B124,(四)1-2
4107,環境與安全衛生工程系,中文閱讀與表達(二),陳雅萍,B122,(一)1-2
1375,環境與安全衛生工程系,工程材料,"王振華,陸彥儒",E203,(三)7-9
1376,環境與安全衛生工程系,水文學,林怡利,B122,(三)7-9
1377,環境與安全衛生工程系,污水工程,林怡利,B122,(三)4
1377,環境與安全衛生工程系,污水工程,林怡利,B122,(四)3-4
1378,環境與安全衛生工程系,流體力學,陳政任,B120,(四)2
1378,環境與安全衛生工程系,流體力學,陳政任,B120,(五)2-3
1379,環境與安全衛生工程系,熱力學,廖宏章,E202,(二)8-9
1379,環境與安全衛生工程系,熱力學,廖宏章,E202,(四)1
1380,環境與安全衛生工程系,再生能源概論,林怡利,E202,(四)5-7
1381,環境與安全衛生工程系,噪音與振動,許宏德,B122,(三)1-3
1382,環境與安全衛生工程系,環境衛生學,黃玉立,B120,(四)5-7
1383,環境與安全衛生工程系,職業病概論,"張朝煜,許昺奇",E201,(二)5-6
1383,環境與安全衛生工程系,職業病概論,"張朝煜,許昺奇",E201,(四)8
1384,環境與安全衛生工程系,污水工程,蔡宗岳,B120,(二)5-6
1384,環境與安全衛生工程系,污水工程,蔡宗岳,B120,(三)1
1385,環境與安全衛生工程系,流體力學,陳政任,B120,(四)3-4
1385,環境與安全衛生工程系,流體力學,陳政任,B120,(五)4
1386,環境與安全衛生工程系,熱力學,蘇崇輝,E202,(五)5-7
1387,環境與安全衛生工程系,噪音與振動,許德仁,B124,(三)2-4
1388,環境與安全衛生工程系,職業病概論,"張朝煜,許昺奇",E201,(二)7-8
1388,環境與安全衛生工程系,職業病概論,"張朝煜,許昺奇",E201,(四)9
1390,環境與安全衛生工程系,固體廢棄物處理,戴華山,B122,(二)5-7
1392,環境與安全衛生工程系,排煙工程,蘇崇輝,E201,(四)2-4
1393,環境與安全衛生工程系,水資源開發與管理,周志儒,F108,(五)2-4
1394,環境與安全衛生工程系,暴露評估,李家偉,B124,(二)2-4
1395,環境與安全衛生工程系,環境倫理,"陳勝一,林維㨗",E201,(一)5-6
1396,環境與安全衛生工程系,電氣安全,許宏德,E202,(三)7-8
1397,環境與安全衛生工程系,安全工程實驗,"蔡曉雲,陳政任",P202,(四)6-8
1398,環境與安全衛生工程系,單元操作及實驗,"李孟珊,陳勝一,洪崇軒",P302,(五)5-8
1399,環境與安全衛生工程系,作業環境監測實驗,"許德仁,李家偉",F553,(四)5-7
1400,環境與安全衛生工程系,科技報告導讀與撰寫,"蔡宗岳,陳錫添",E203,(二)3-4
1401,環境與安全衛生工程系,固體廢棄物處理,戴華山,B120,(三)2-4
1403,環境與安全衛生工程系,環境影響評估,"黃玉立,賴怡潔",E201,(三)2-4
1405,環境與安全衛生工程系,土壤與地下水污染防治,周志儒,B122,(二)2-4
1407,環境與安全衛生工程系,消防工程,蘇崇輝,E201,(五)2-4
1408,環境與安全衛生工程系,工廠實務檢查,王振華,B122,(四)6-8
1409,環境與安全衛生工程系,衛生管理實務,黃玉立,E201,(三)7-9
1410,環境與安全衛生工程系,風險危害評估,廖宏章,E203,(四)2-4
1411,環境與安全衛生工程系,儀器分析維護實作,蔡曉雲,F554,(四)2-4
1415,工業設計系,電腦輔助平面設計與實習,林雅惠,E102,(五)5-7
1416,工業設計系,產品表現技法實作與實習I,陳俊東,B501,(三)7-9
1417,工業設計系,電腦輔助產品設計與實習I,蔡宏政,E102,(三)2-4
1418,工業設計系,進階產品模型實作與實習,林龍吟,B201,(二)5-7
1419,工業設計系,基礎設計II,林龍吟,B501,(四)1-4
1420,工業設計系,基礎設計II,龔蒂菀,B201,(四)1-4
1421,工業設計系,基礎設計II,宋毅仁,E106,(四)1-4
1422,工業設計系,產品製造與模具,宋毅仁,E106,(四)5-6
3945,工業設計系,環境教育教材教法,"陳勝一,林維㨗",E201,(一)7-8
4114,工業設計系,中文閱讀與表達(二),謝孟芸,E106,(五)1-2
1423,工業設計系,數位攝影,王勁文,E105,(五)5-7
1424,工業設計系,產品分析與新產品企劃,林雅惠,E105,(五)8-9
1425,工業設計系,電腦輔助造形設計II,陳俊東,E102,(四)5-7
1426,工業設計系,產品設計II,陳俊東,B501,(二)5-8
1427,工業設計系,產品設計II,張祥唐,E105,(二)5-8
1428,工業設計系,設計方法論,葉恒志,E105,(三)3-4
1429,工業設計系,基礎工藝設計Ⅱ,林靜媚,V101,(三)7-9
1430,工業設計系,設計工學與機構Ⅱ,張祥唐,E105,(四)3-4
1431,工業設計系,多媒體數位應用設計,林永峻,E102,(五)2-4
1432,工業設計系,作品集設計,王藝蓁,E104,(四)3-4
1433,工業設計系,商品化設計,王藝蓁,E104,(五)5-6
1434,工業設計系,產品人因設計,王藝蓁,E104,(二)5-6
1435,工業設計系,進階產品設計II,葉恒志,B501,(四)5-8
1436,工業設計系,進階產品設計II,王藝蓁,E104,(四)5-8
1437,工業設計系,進階產品設計II,蔡宏政,B442,(四)5-8
1438,工業設計系,複合媒材設計Ⅱ,林靜媚,V101,(五)2-4
1439,工業設計系,品牌行銷與設計管理,龔蒂菀,E104,(三)7-8
1441,工業設計系,實務專題II,"張祥唐,宋毅仁,龔蒂菀,林龍吟,蔡宏政",B501,(五)1-4
1451,工業設計系,專利分析與迴避設計,張祥唐,E107,(三)2-4
1476,機電工程系精密機械組,靜力學,林栢村,F109,(三)1
1476,機電工程系精密機械組,靜力學,林栢村,B444,(四)5
1476,機電工程系精密機械組,靜力學,林栢村,B444,(四)6
1477,機電工程系精密機械組,電腦程式語言應用與實習,劉東官,B337,(五)2-4
1478,機電工程系精密機械組,物理II,馮榮豐,F109,(四)1-2
1478,機電工程系精密機械組,物理II,馮榮豐,F109,(五)1
1479,機電工程系精密機械組,微積分II,李振榮,F109,(三)3
1479,機電工程系精密機械組,微積分II,李振榮,F109,(三)4
1479,機電工程系精密機械組,微積分II,李振榮,B113,(四)3
1480,機電工程系精密機械組,工程統計與應用,曾奕丰,B444,(二)5
1480,機電工程系精密機械組,工程統計與應用,曾奕丰,B444,(三)7-8
1481,機電工程系精密機械組,電腦輔助機械製圖與實習,余志成,B339,(二)7-9
1496,機電工程系精密機械組,實體建模與實習,謝其昌,T212,(四)7-9
3945,機電工程系精密機械組,環境教育教材教法,"陳勝一,林維㨗",E201,(一)7-8
4110,機電工程系精密機械組,中文閱讀與表達(二),陳鍾琇,E205,(二)1-2
4111,機電工程系精密機械組,中文閱讀與表達(二),詹雅雯,E206,(二)1-2
1482,機電工程系精密機械組,熱力學,楊玉森,B444,(三)1
1482,機電工程系精密機械組,熱力學,楊玉森,B444,(四)1-2
1483,機電工程系精密機械組,應用電子學,郭文正,F109,(二)5-6
1484,機電工程系精密機械組,工程數學II,鄭永長,F109,(二)7
1484,機電工程系精密機械組,工程數學II,鄭永長,F109,(四)3-4
1485,機電工程系精密機械組,電子電路實習,劉永田,T210,(四)5-7
1486,機電工程系精密機械組,機構分析與實習,孫榮宏,B344,(三)2
1486,機電工程系精密機械組,機構分析與實習,孫榮宏,B344,(三)3
1486,機電工程系精密機械組,機構分析與實習,孫榮宏,B344,(三)4
1486,機電工程系精密機械組,機構分析與實習,孫榮宏,B113,(三)7
1487,機電工程系精密機械組,順序控制與實習,"薛博文,謝其昌",F128,(五)1-4
1488,機電工程系精密機械組,控制系統設計,姚武松,B115,(三)2-4
1489,機電工程系精密機械組,電腦輔助工程分析與實驗,林育全,T212,(一)5-7
1491,機電工程系精密機械組,金屬塑性加工學,楊俊彬,B113,(一)2-4
1492,機電工程系精密機械組,機械設計與實習Ⅱ,蘇啟宗,B344,(二)5-6
1492,機電工程系精密機械組,機械設計與實習Ⅱ,蘇啟宗,B344,(四)1-2
1496,機電工程系智慧自動化組,實體建模與實習,謝其昌,T212,(四)7-9
1497,機電工程系智慧自動化組,電腦程式語言應用與實習,劉東官,B337,(三)2-4
1498,機電工程系智慧自動化組,物理II,馮榮豐,F109,(四)5-6
1498,機電工程系智慧自動化組,物理II,馮榮豐,F109,(五)2
1499,機電工程系智慧自動化組,微積分II,姚武松,B444,(五)1
1499,機電工程系智慧自動化組,微積分II,姚武松,F109,(五)3
1499,機電工程系智慧自動化組,微積分II,姚武松,F109,(五)4
1500,機電工程系智慧自動化組,工程力學I,郭峻志,B444,(二)7-9
1501,機電工程系智慧自動化組,工程統計與應用,曾奕丰,B444,(二)6
1501,機電工程系智慧自動化組,工程統計與應用,曾奕丰,B344,(四)3
1501,機電工程系智慧自動化組,工程統計與應用,曾奕丰,B344,(四)4
4112,機電工程系智慧自動化組,中文閱讀與表達(二),王惠萱,E205,(二)3-4
4113,機電工程系智慧自動化組,中文閱讀與表達(二),詹雅雯,E206,(二)3-4
1502,機電工程系智慧自動化組,電子學,郭見隆,T210,(五)2-4
1503,機電工程系智慧自動化組,熱力學,楊玉森,B444,(三)2
1503,機電工程系智慧自動化組,熱力學,楊玉森,B444,(四)3-4
1504,機電工程系智慧自動化組,工程數學II,薛博文,F109,(五)5-7
1505,機電工程系智慧自動化組,電子電路實習,劉永田,T210,(二)5-7
1506,機電工程系智慧自動化組,機構分析與實習,郭文正,F109,(二)8-9
1506,機電工程系智慧自動化組,機構分析與實習,郭文正,F109,(三)7-8
1507,機電工程系智慧自動化組,順序控制與實習,"薛博文,謝其昌",F128,(四)5-8
1488,機電工程系智慧自動化組,控制系統設計,姚武松,B115,(三)2-4
1489,機電工程系智慧自動化組,電腦輔助工程分析與實驗,林育全,T212,(一)5-7
1509,機電工程系智慧自動化組,數位電路與實習,郭見隆,T210,(一)2-4
1510,機電工程系智慧自動化組,機械設計與實習Ⅱ,蘇啟宗,B344,(二)7-8
1510,機電工程系智慧自動化組,機械設計與實習Ⅱ,蘇啟宗,B344,(三)7-8
1633,應用英語系,國際禮儀,唐傑夫,E001,(三)1
1633,應用英語系,國際禮儀,唐傑夫,E001,(四)1
1634,應用英語系,國際禮儀,唐傑夫,E001,(二)7-8
1635,應用英語系,中級英語聽講II,甯大衛,D203,(三)2-4
1636,應用英語系,中級英語聽講II,張家源,E301,(三)2-4
1637,應用英語系,進階英文字彙,洪豐生,D107,(二)7-8
1638,應用英語系,進階英文字彙,莊媖婷,D108,(四)5-6
1639,應用英語系,外語教學法概論,許正義,D201,(四)5-6
1640,應用英語系,外語教學法概論,施泊琹,E004,(一)7-8
1641,應用英語系,進階英文文法,洪豐生,D107,(四)5-6
1642,應用英語系,進階英文文法,賴偉毅,E001,(五)5-6
1643,應用英語系,中英修辭,曾惟,D107,(二)5-6
1644,應用英語系,文史數位轉譯實作,吳怡萍,D208電腦教室,(一)7
1645,應用英語系,電影英文,賴偉毅,E001,(五)7-8
1646,應用英語系,電影英文,白堂隆,E301,(四)5-6
1647,應用英語系,中級英文寫作Ⅱ,施茹譯,D204文化教室,(一)5-6
1648,應用英語系,中級英文寫作Ⅱ,施泊琹,D205電腦教室,(一)3-4
1649,應用英語系,英文短篇小說選讀,姚惠芬,E301,(一)7-8
1650,應用英語系,英文短篇小說選讀,張淑君,D108,(五)5-6
4118,應用英語系,中文閱讀與表達(二),陳猷青,D107,(二)3-4
1651,應用英語系,中級英語聽講II,廖惠娟,D418,(三)2-4
1652,應用英語系,中級英語聽講II,廖惠娟,D418,(四)2-4
1653,應用英語系,中英修辭,謝作偉,E301,(一)5-6
1654,應用英語系,中級英文寫作Ⅱ,戴宣毓,D417,(一)3-4
1655,應用英語系,中級英文寫作Ⅱ,戴宣毓,D417,(三)3-4
4119,應用英語系,中文閱讀與表達(二),陳玉蕾,D108,(二)3-4
1656,應用英語系,中級英語聽講II,黃俐絲,D416,(三)2-4
1657,應用英語系,中級英語聽講II,許正義,D201,(三)2-4
1658,應用英語系,中英修辭,謝作偉,D108,(二)5-6
1659,應用英語系,中級英文寫作Ⅱ,戴宣毓,D417,(一)5-6
1660,應用英語系,中級英文寫作Ⅱ,侯仰霞,D205電腦教室,(一)5-6
4120,應用英語系,中文閱讀與表達(二),陳玉蕾,D108,(二)1-2
1661,應用英語系,科技英文,黃冠偉,D205電腦教室,(四)5-6
1662,應用英語系,科技英文,洪豐生,D107,(四)8-9
1663,應用英語系,觀光英語,傅若珊,D107,(一)7-8
1664,應用英語系,觀光英語,傅若珊,D203,(四)5-6
1665,應用英語系,中高級英語聽講II,黃湘怡,D416,(四)2-4
1666,應用英語系,中高級英語聽講II,白堂隆,D205電腦教室,(三)2-4
1667,應用英語系,中高級英文寫作II,侯仰霞,D416,(二)5-6
1668,應用英語系,中高級英文寫作II,傅若珊,D110電腦教室,(一)5-6
1669,應用英語系,初級逐步口譯,蔡依玲,D109,(二)7-8
1670,應用英語系,初級逐步口譯,丘羽先,D110電腦教室,(四)8-9
1671,應用英語系,英文戲劇製作,周雋,E004,(四)5-6
1672,應用英語系,繪本閱讀與教學,陳其芬,D108,(二)7-8
1673,應用英語系,繪本閱讀與教學,唐西恩,D107,(五)5-6
1674,應用英語系,英詩選讀,姚惠芬,E301,(二)7-8
1675,應用英語系,英詩選讀,鄧安妮,D203,(五)5-6
1676,應用英語系,翻譯練習II,莊媖婷,D108,(一)3-4
1677,應用英語系,兒童英語教學,黃湘怡,D415,(一)7-8
1678,應用英語系,兒童英語教學,黃湘怡,D203,(四)7-8
1679,應用英語系,美國歷史與文化,陳其芬,D108,(一)7-8
1680,應用英語系,美國歷史與文化,陳其芬,D415,(四)5-6
1681,應用英語系,中高級英語聽講II,黃俐絲,D416,(一)2-4
1682,應用英語系,中高級英語聽講II,唐西恩,D109,(三)2-4
1683,應用英語系,中高級英文寫作II,周雋,D205電腦教室,(四)3-4
1684,應用英語系,中高級英文寫作II,姚惠芬,D204文化教室,(二)5-6
1685,應用英語系,翻譯練習II,沈婕縈,D107,(一)5-6
1686,應用英語系,中高級英語聽講II,洪秀婷,D109,(一)2-4
1687,應用英語系,中高級英語聽講II,洪秀婷,D109,(四)2-4
1688,應用英語系,中高級英文寫作II,傅若珊,D110電腦教室,(一)3-4
1689,應用英語系,中高級英文寫作II,唐西恩,D417,(四)3-4
1690,應用英語系,翻譯練習II,莊媖婷,D108,(一)5-6
1693,應用英語系,翻譯理論與實務,吳怡萍,D208電腦教室,(一)2-4
1703,應用英語系,英文散文選讀,黃士人,D107,(四)2-4
1705,應用英語系,翻譯理論與實務,邱晨馨,D107,(一)2-4
1706,應用英語系,英文散文選讀,唐傑夫,E001,(三)2-4
1707,應用英語系,翻譯理論與實務,邱晨馨,E301,(四)2-4
1708,應用英語系,英文散文選讀,黃士人,D108,(三)2-4
4115,應用日語系,中文閱讀與表達(二),傅及光,D105,(一)1-2
4116,應用日語系,中文閱讀與表達(二),傅及光,D105,(一)3-4
1755,應用日語系,中階日語Ⅱ,方琮煒,D106,(四)3-4
1756,應用日語系,日語寫作Ⅱ,黃愛玲,D206B,(二)5-6
1757,應用日語系,日語寫作Ⅱ,島津幸子,D106,(一)7-8
1761,應用日語系,日語會話Ⅱ,蕪木香名子,E302,(一)7-8
1762,應用日語系,日語會話Ⅱ,齋美智子,E302,(二)5-6
1763,應用日語系,日語聽解Ⅳ,洪心怡,D206電腦教室,(一)5-6
1764,應用日語系,日語聽解Ⅳ,王天保,D104,(一)5-6
1770,應用日語系,中階日語Ⅱ,林蕙美,D105,(四)3-4
1771,應用日語系,日語寫作Ⅱ,齋美智子,E302,(四)5-6
1772,應用日語系,日語寫作Ⅱ,島津幸子,D106,(一)5-6
1773,應用日語系,日語會話Ⅱ,江俊賢,D105,(二)5-6
1774,應用日語系,日語會話Ⅱ,齋美智子,E302,(三)3-4
1775,應用日語系,日語聽解Ⅳ,洪心怡,D206電腦教室,(一)7-8
1776,應用日語系,日語聽解Ⅳ,王天保,D104,(一)7-8
1778,應用日語系,日語寫作Ⅳ,黃愛玲,D106,(三)3-4
1779,應用日語系,日語寫作Ⅳ,孫逸珊,D105,(一)7-8
1786,應用日語系,日語會話Ⅳ,王天保,D105,(三)1-2
1787,應用日語系,日語會話Ⅳ,孫逸珊,E305,(四)3-4
1793,應用日語系,上階日語Ⅱ,林蕙美,D105,(二)7-8
1794,應用日語系,日語寫作Ⅳ,江俊賢,D101,(四)3-4
1795,應用日語系,日語寫作Ⅳ,孫逸珊,D101,(一)5-6
1796,應用日語系,日語會話Ⅳ,王天保,D105,(三)3-4
1797,應用日語系,日語會話Ⅳ,孫逸珊,D101,(三)3-4
1805,應用德語系,基礎德語文法II,高慧霞,D102多功能教室,(一)3
1805,應用德語系,基礎德語文法II,高慧霞,D102多功能教室,(一)4
1805,應用德語系,基礎德語文法II,高慧霞,D209電腦教室,(二)7
1805,應用德語系,基礎德語文法II,高慧霞,D209電腦教室,(二)8
1806,應用德語系,基礎德語文法II,陳麗娜,E306,(二)5-6
1806,應用德語系,基礎德語文法II,陳麗娜,E306,(四)1-2
1807,應用德語系,基礎德語會話II,陳欣蓉,D102多功能教室,(三)3-4
1808,應用德語系,基礎德語會話II,陳欣蓉,D209電腦教室,(二)1-2
1809,應用德語系,基礎德語讀本II,高慧霞,D102多功能教室,(三)1-2
1810,應用德語系,基礎德語讀本II,陳麗娜,E306,(三)7-8
1811,應用德語系,基礎德語聽力 II,陳欣蓉,D415,(四)3
1812,應用德語系,基礎德語聽力 II,陳欣蓉,D415,(四)4
1813,應用德語系,基礎德語文法應用II,陳麗雅,D102多功能教室,(三)7-8
1814,應用德語系,基礎德語文法應用II,陳麗娜,E306,(二)3-4
4117,應用德語系,中文閱讀與表達(二),徐靖茹,D009,(一)1-2
1815,應用德語系,中級德語聽力II,黃靖時,D301文化教室,(三)2
1816,應用德語系,中級德語聽力II,陳欣蓉,D415,(四)2
1817,應用德語系,德文作文II,翁幸瑜,D103多功能教室,(四)3-4
1818,應用德語系,德文作文II,黃靖時,D301文化教室,(三)3-4
1819,應用德語系,德國社會專題,柏台德,D301文化教室,(三)7-8
1820,應用德語系,德文翻譯入門,黃文龍,D301文化教室,(一)5-6
1822,應用德語系,中級德語文法II,謝淑媚,D415,(一)3
1822,應用德語系,中級德語文法II,謝淑媚,D415,(一)4
1822,應用德語系,中級德語文法II,謝淑媚,D102多功能教室,(二)6
1823,應用德語系,中級德語文法II,黃文龍,D103多功能教室,(二)5
1823,應用德語系,中級德語文法II,黃文龍,D103多功能教室,(三)1-2
1824,應用德語系,中級德語會話II,任育萱,D301文化教室,(二)8
1824,應用德語系,中級德語會話II,任育萱,D415,(三)3
1824,應用德語系,中級德語會話II,任育萱,D415,(三)4
1825,應用德語系,中級德語會話II,任育萱,D301文化教室,(一)7-8
1825,應用德語系,中級德語會話II,任育萱,D301文化教室,(二)7
1826,應用德語系,中級德語讀本II,謝淑媚,D102多功能教室,(二)1-2
1827,應用德語系,中級德語讀本II,黃文龍,D301文化教室,(一)3
1827,應用德語系,中級德語讀本II,黃文龍,D301文化教室,(一)4
1827,應用德語系,中級德語讀本II,黃文龍,D103多功能教室,(二)6
1828,應用德語系,文學導讀,高慧霞,D102多功能教室,(二)3-4
1829,應用德語系,德文口譯I,翁幸瑜,D209電腦教室,(四)1-2
1830,應用德語系,德文翻譯II,黃文龍,D209電腦教室,(三)3-4
1831,應用德語系,德文翻譯II,陳麗娜,D103多功能教室,(三)3-4
1832,應用德語系,德語語言學,陳欣蓉,D209電腦教室,(二)5-6
1835,應用德語系,商用德文寫作II,柏台德,D209電腦教室,(四)3-4
1836,應用德語系,商用德文寫作II,柏台德,D209電腦教室,(三)1-2
1837,應用德語系,商用德語會話II,余淑雲,D103多功能教室,(一)5-7
1838,應用德語系,商用德語會話II,翁幸瑜,D415,(五)5-7
1839,應用德語系,電腦輔助翻譯軟體應用,柏台德,D209電腦教室,(四)5-6
1840,應用德語系,技術翻譯II,柏台德,D102多功能教室,(一)7-8
1842,應用德語系,經貿德文翻譯,柏台德,D103多功能教室,(二)7-8
1843,應用德語系,商用德文書信II,任育萱,D301文化教室,(二)5-6
1844,應用德語系,進階商用德語II,任育萱,D415,(三)1-2
1886,外院學程[第一],生成式人工智慧導論,阮家慶,D416,(一)5-7
1887,外院學程[第一],物流管理,蘇湘婷,E305,(四)5-7
1888,外院學程[第一],管理學,龍仕璋,E008,(三)7-9
1889,外院學程[第一],管理學,趙雅儀,E003,(一)7-9
1891,外院學程[第一],程式設計(二),"黃煒盛,徐偉智",D418,(四)5-7
1892,外院學程[第一],商品展覽與介紹,盧薇喬,D517,(一)7-9
1893,外院學程[第一],動畫影片製作,許淑娟,D419電腦教室,(四)5-7
1894,外院學程[第一],商務網站設計,黃海深,D416,(三)7-9
1895,外院學程[第一],台灣日本東協貿易結構分析,陳志坪,D109,(四)5-7
1896,外院學程[第一],商務契約,蔡宗廷,D308,(四)7-9
1897,外院學程[第一],旅遊實務,廖慧蓉,D101,(四)5-7
1898,外院學程[第一],個人投資理財,蔡繡容,C434,(一)5-7
1899,外院學程[第一],東協文化概覽,倪華緣,D109,(一)5-7
1901,外院學程[第一],電子商務與法律,鄭莞鈴,E003,(三)7-9
1902,外院學程[第一],大數據商業應用分析,阮至永,D418,(三)7-9
1904,外院學程[第一],基礎會計與財務報表分析,趙雅儀,E305,(三)7-9
1912,創新創業教育中心,財務管理,"陳宗澤,陳文生",J009,(五)2-4
1926,創新創業教育中心,創新與創業,陳宗澤,實作B區,(四)3-4
1927,創新創業教育中心,創新與創業,陳怡君,J001,(一)7-8
1931,創新創業教育中心,創業講座,陳宗澤,J001,(三)5-6
1932,創新創業教育中心,數位快製,宋旗桂,創夢工場電子區,(二)5-7
1933,創新創業教育中心,數位快製,宋旗桂,創夢工場電子區,(三)2-4
1935,創新創業教育中心,科技創新,沈志隆,B222,(三)3-4
1936,創新創業教育中心,創業募資實務,陳宗澤,實作B區,(四)5-6
1951,創新創業教育中心,企業識別設計與實務,陳建志,實作B區,(一)3-4
2133,資訊管理系,生產管理,孫倩玲,E217,(一)5-7
2134,資訊管理系,物件導向程式設計,黃承龍,C220,(四)2-4
2135,資訊管理系,經濟學(二),"李慶章,陳世智",E213,(三)2-4
2136,資訊管理系,資訊管理導論,周棟祥,E006,(四)5-7
2137,資訊管理系,離散數學,張弘毅,E217,(二)5-7
2138,資訊管理系,視窗程式設計實務,阮至永,C220,(一)2-4
4127,資訊管理系,中文閱讀與表達(二),謝孟芸,E213,(二)8-9
5425,資訊管理系,行銷管理,張芳凱,E212,(一)2-4
2140,資訊管理系,經濟學(二),"李慶章,陳世智",E213,(二)5-7
2141,資訊管理系,離散數學,張弘毅,E217,(三)2-4
4128,資訊管理系,中文閱讀與表達(二),林俞佑,E217,(二)8-9
2142,資訊管理系,統計學(二),蘇國瑋,E006,(三)2-4
2143,資訊管理系,資料庫管理,曾守正,C220,(一)5-7
2144,資訊管理系,管理科學導論與R語言,陳慶文,C220,(五)5-7
2145,資訊管理系,企業個案實務,許麗玲,C117,(四)5-7
2146,資訊管理系,資訊管理英文,"許孟祥,洪郁雯",E211,(二)2-4
2147,資訊管理系,資訊網路應用,鄭進興,C120,(四)2-4
2149,資訊管理系,資料庫管理,曾守正,C218,(二)5-7
2150,資訊管理系,作業系統,李嘉紘,E217,(一)2-4
2152,資訊管理系,管理資訊系統,黃照貴,E006,(二)5-7
2153,資訊管理系,無線網路,張弘毅,C125,(一)5-7
2154,資訊管理系,數位行銷,"許孟祥,洪郁雯",E212,(三)2-4
2155,資訊管理系,資訊與供應鏈管理,蔡耀德,E217,(四)2-4
2156,資訊管理系,智慧科技-技術與應用,"黃文楨,周斯畏,鄭進興,曾守正,蘇國瑋",E211,(一)2-4
2158,資訊管理系,感測器與物聯網實務,朱彥銘,C125,(四)5-7
2159,資訊管理系,雲端運算實務,歐陽振森,C120,(四)5-7
2160,資訊管理系,生產力4.0概論,蔡耀德,C120,(五)2-4
2161,資訊管理系,網路攻防實務,莊文勝,C220,(三)7-9
2162,資訊管理系,資訊科技認證,鄭進興,C220,(三)3-4
2163,資訊管理系,電子商務實務,尤濬哲,C120,(五)5-7
5426,資訊管理系,專案管理,張芳凱,E212,(一)5-7
5427,資訊管理系,商業智慧,張芳凱,E212,(二)2-4
2166,資訊管理系,人工智慧,吳明泰,C125,(二)2-4
2167,資訊管理系,策略管理,黃俊真,E217,(五)2-4
2168,資訊管理系,影像處理,吳明泰,C125,(二)5-7
2169,資訊管理系,嵌入式系統,朱彥銘,C125,(五)5-7
2170,資訊管理系,數位轉型,洪郁雯,E212,(四)2-4
2171,資訊管理系,Linux系統,歐陽振森,C120,(二)5-7
2172,資訊管理系,大數據分析實務,黃承龍,C120,(三)2-4
2173,資訊管理系,區塊鏈概念與應用,許孟祥,E211,(一)5-7
2176,運籌管理系,會計學(二),楊壽麟,E007,(二)5-7
2177,運籌管理系,經濟學(二),吳偉銘,E007,(四)2-4
2178,運籌管理系,程式語言(二),黃山琿,C218,(三)2-4
2179,運籌管理系,組織與人力資源管理,劉宜芬,E315,(三)7-9
2180,運籌管理系,行銷管理,劉宜芬,E315,(二)2-4
2181,運籌管理系,管理數學,"陳育欣,吳偉銘",E007,(一)5-7
2182,運籌管理系,物流英文（二）,"吳偉銘,林燦煌",E008,(一)3
4129,運籌管理系,中文閱讀與表達(二),詹雅雯,E311,(一)8-9
4130,運籌管理系,中文閱讀與表達(二),廖堅均,E314,(一)8-9
2183,運籌管理系,程式語言(二),蕭俊彥,C338,(五)5-7
4131,運籌管理系,中文閱讀與表達(二),黃小民,E310,(一)8-9
2184,運籌管理系,生產與作業管理,郭幸民,E311,(四)2-4
2185,運籌管理系,財務管理,楊壽麟,E007,(五)5-7
2186,運籌管理系,統計學(二),李恒綺,E007,(三)2-4
2187,運籌管理系,國際企業,陳珍珍,E315,(一)2-4
2188,運籌管理系,全球運籌管理,楊大輝,E311,(二)5-7
2190,運籌管理系,系統分析與設計,陳育欣,C338,(一)2-4
2192,運籌管理系,運輸工程,"李明聰,王亮云,楊大輝",E007,(三)7-9
2193,運籌管理系,協商與談判,鄭莞鈴,E310,(四)5-7
2189,運籌管理系,生產與作業管理,郭幸民,E311,(三)2-4
2191,運籌管理系,統計學(二),李明聰,E310,(四)2-4
2194,運籌管理系,供應鏈管理,林立千,E007,(一)2-4
2195,運籌管理系,品質管制,陳育欣,E310,(三)2-4
2196,運籌管理系,國際貿易實務,陳正榮,E314,(三)7-9
2198,運籌管理系,網頁程式設計,黃山琿,C338,(五)2-4
2199,運籌管理系,海運管理,王亮云,E310,(五)5-7
2200,運籌管理系,運輸經濟,李恒綺,E314,(四)5-7
2203,運籌管理系,國際行銷,陳珍珍,E315,(二)5-7
2204,運籌管理系,策略管理,張瑞銘,E315,(四)10-12
2205,運籌管理系,管理心理學,王仁宏,E310,(二)2-4
2206,運籌管理系,國際關務,鄭世宏,E315,(一)10-11
2207,運籌管理系,物流系統模擬,蔡坤穆,C338,(二)5-7
2202,運籌管理系,供應鏈管理,林燦煌,E008,(四)2-4
2210,運籌管理系,國際物流,王亮云,E311,(四)5-7
2211,運籌管理系,物流管理個案,葉懿瑮,E314,(三)10-12
2212,運籌管理系,物聯網應用設計,王仁宏,C338,(三)7-9
2213,運籌管理系,科技管理,王仁宏,E315,(四)2-4
2215,運籌管理系,日本物流產業探討,陳珍珍,E315,(四)5-7
2232,行銷與流通管理系,商用英文,邱彥婷,E419,(一)5-7
2233,行銷與流通管理系,管理學,田文彬,C104,(三)2-4
2234,行銷與流通管理系,商用數學,陳國樑,E419,(二)5-7
2235,行銷與流通管理系,經濟學（二）,朱國光,E009,(四)2-4
2236,行銷與流通管理系,經濟學（二）,陳志誠,E421,(四)2-4
2237,行銷與流通管理系,行銷管理（二）,"黃吉村,葛關復勇",E419,(四)5-7
2238,行銷與流通管理系,行銷管理（二）,趙沛,C116,(四)5-7
2337,行銷與流通管理系,策略行銷,楊景傅,C351,(四)2-4
4125,行銷與流通管理系,中文閱讀與表達(二),陳雅萍,E419,(一)3-4
2239,行銷與流通管理系,流通管理,許英傑,E420,(一)5-7
2240,行銷與流通管理系,經濟學（二）,徐村和,E420,(四)2-4
2241,行銷與流通管理系,商管程式與應用,陳宏仁,E420,(三)2-4
2242,行銷與流通管理系,行銷管理（二）,邱彥婷,E420,(四)5-7
4126,行銷與流通管理系,中文閱讀與表達(二),徐靖茹,E420,(一)3-4
2243,行銷與流通管理系,組織行為,田文彬,C104,(二)5-7
2244,行銷與流通管理系,資料庫管理,章至豪,C218,(五)5-7
2245,行銷與流通管理系,整合行銷溝通,徐村和,E421,(三)7-9
2246,行銷與流通管理系,統計學（二）,歐宗殷,E421,(三)2-4
2247,行銷與流通管理系,行銷研究問卷資料分析,李婉怡,E421,(四)5-7
2250,行銷與流通管理系,零售管理實務,吳師豪,E422,(二)5-7
2248,行銷與流通管理系,消費者行為,黃吉村,C104,(五)5-7
2249,行銷與流通管理系,零售管理,簡施儀,E419,(四)2-4
2251,行銷與流通管理系,統計學（二）,李婉怡,E422,(三)2-4
2252,行銷與流通管理系,行銷研究,田文彬,C104,(四)2-4
2253,行銷與流通管理系,國際行銷,趙沛,E423,(二)2-4
2254,行銷與流通管理系,品牌管理,葛關復勇,E423,(三)2-4
2255,行銷與流通管理系,產業行銷,章至豪,E423,(四)5-7
2256,行銷與流通管理系,訂價管理,朱國光,E423,(三)7-9
2257,行銷與流通管理系,服務業行銷,黃吉村,E423,(二)5-7
2259,行銷與流通管理系,行銷企劃實務,陳昱欣,E423,(一)2-4
2260,行銷與流通管理系,電子商務與網路購物平台,陳昱欣,E423,(一)5-7
2261,行銷與流通管理系,顧客關係管理,葉曉萍,E424,(二)2-4
2263,行銷與流通管理系,數位創業,陳國樑,E424,(一)5-7
2266,行銷與流通管理系,商店規劃與設計,謝致慧,E424,(三)2-4
2267,行銷與流通管理系,商業模式與創新,章至豪,E424,(三)7-9
2268,行銷與流通管理系,網路與社群行銷,葉曉萍,E424,(四)5-7
2262,行銷與流通管理系,通路管理,趙沛,E424,(四)2-4
2264,行銷與流通管理系,論文寫作專題,陳宏仁,E424,(二)8-9
2265,行銷與流通管理系,連鎖企業管理,朱國光,E424,(二)5-7
2587,金融系,投資學,菅瑞昌,C333,(三)7-9
2589,金融系,財務管理,闕河士,E317,(五)5-7
2590,金融系,程式設計,謝舒帆,E220,(四)2-4
2591,金融系,微積分(二),林君瀌,C203,(一)5-7
2592,金融系,會計學(二),王健聰,C203,(四)5-7
2593,金融系,經濟學(一),宋兆賢,C203,(五)2-4
2594,金融系,經濟學(二),楊筑安,C103,(三)7-9
2595,金融系,管理學,陳文國,D202電腦教室,(三)2-4
2596,金融系,財經英文閱讀,洪佳雯,E317,(二)5-7
4134,金融系,中文閱讀與表達(二),林俞佑,E317,(二)3-4
2598,金融系,程式設計,黃信嘉,E220,(五)5-7
2599,金融系,經濟學(二),楊筑安,C103,(三)2-4
4135,金融系,中文閱讀與表達(二),陳猷青,C203,(四)8-9
2600,金融系,財務管理,闕河士,E317,(四)5-7
2601,金融系,國際金融,陳尚武,E115,(一)5-7
2602,金融系,統計學(二),絲文銘,C203,(三)2-4
2603,金融系,管理學,洪志興,C203,(三)7-9
2604,金融系,企業風險管理,洪世偉,E317,(四)2-4
2605,金融系,國際貿易,康瓊文,E313,(二)10-12
2606,金融系,證照實作競賽(二),鄭憲超,D202電腦教室,(四)5-7
2607,金融系,智能投資實務,翟瑞祥,D202電腦教室,(一)5-7
2608,金融系,顧客心理,陳文國,E220,(二)5-7
2609,金融系,金融法(一),陳旻沂,C103,(四)10-12
2610,金融系,新金融商品實務,黃保憲,D202電腦教室,(四)2-4
2611,金融系,財務管理,王銘駿,D202電腦教室,(五)5-7
2612,金融系,統計學(二),絲文銘,C103,(四)5-7
2613,金融系,行銷管理,陳文國,E115,(二)2-4
2614,金融系,財務報表分析,"吳怡慧,王健聰",E115,(三)2-4
2615,金融系,國際財務管理,謝舒帆,E115,(二)5-7
2618,金融系,基金管理,菅瑞昌,C104,(四)5-7
2619,金融系,技術分析,楊筑安,C103,(二)2-4
2620,金融系,財務資訊,黃信嘉,C218,(一)2-4
2621,金融系,選擇權實務,絲文銘,E118,(五)2-4
2622,金融系,存款及授信實務,郭志榮,E317,(二)10-12
2623,金融系,信託商品交易實務,康瓊文,E304,(三)2-4
2624,金融系,財務資訊,黃信嘉,C218,(一)5-7
2626,金融系,金融行銷,陳世雷,C103,(二)5-7
2627,金融系,銀行會計,廖瓊正,E115,(四)5-7
2628,金融系,外匯交易實務,馮瑜瑾,C203,(四)10-12
2629,金融系,票券及債券實務,汪逸真,E317,(三)2-4
2652,風險管理與保險系,民法,李佳冠,E005,(二)2-4
2653,風險管理與保險系,微積分(二),郭訓志,E005,(三)7-9
2654,風險管理與保險系,會計學(二),呂瑞芳,E005,(四)2-4
2655,風險管理與保險系,經濟學(二),陳志誠,E005,(三)2-4
2656,風險管理與保險系,資料科學財金應用,蘇恩德,E319,(五)5-7
2657,風險管理與保險系,風險管理與保險,涂靜儀,E010,(四)5-7
2658,風險管理與保險系,資料庫管理與應用,林兆欣,E319,(二)5-7
4132,風險管理與保險系,中文閱讀與表達(二),黃小民,E005,(一)3-4
2659,風險管理與保險系,財務管理,洪敏三,E005,(四)5-7
2660,風險管理與保險系,統計學(二),陳青浩,E005,(一)5-7
2661,風險管理與保險系,投資科學,"蘇恩德,鄭憲超",E319,(四)2-4
2662,風險管理與保險系,保險資訊,林兆欣,E319,(三)7-9
2663,風險管理與保險系,壽險數學,林明俊,E309,(二)5-7
2664,風險管理與保險系,企業風險管理,周百隆,E005,(五)5-7
2665,風險管理與保險系,風險理財規劃,"蘇寶玉,蘇恩德,陳喬羚",E319,(三)2-4
2666,風險管理與保險系,商用套裝軟體,郭訓志,D419電腦教室,(四)2-4
2668,風險管理與保險系,統計專題,林明俊,E309,(二)2-4
2669,風險管理與保險系,實務個案研討,凌񃱣寶,E318,(二)5
2670,風險管理與保險系,產險資料分析,郭訓志,E319,(四)5-7
2672,風險管理與保險系,壽險實務,鄭志凱,E309,(五)5-7
2673,風險管理與保險系,產險實務,彭榮山,E309,(三)2-4
2674,風險管理與保險系,不動產風險管理,"周百隆,洪堅銘",E309,(三)7-9
2675,風險管理與保險系,工業安全與衛生管理,蔡曉雲,E309,(一)5-7
2676,財務管理系,中級會計學(一),林財印,C204,(四)2-4
2677,財務管理系,金融市場,黃玉娟,C222,(五)5-7
2678,財務管理系,財務管理,陳香蘭,C446,(三)2-4
2679,財務管理系,統計學,林育志,C446,(四)6-8
2680,財務管理系,經濟學(二),王瑪如,C203,(二)5-7
2681,財務管理系,線性代數,林育志,C446,(三)7-9
2682,財務管理系,金融保險概論,劉乃瑞,E110,(三)7-9
2683,財務管理系,財務管理(一),陳香蘭,C104,(一)5-7
2684,財務管理系,財務資訊系統,林昭賢,E110,(三)2-4
2685,財務管理系,資料庫管理與應用,林崇德,E118,(四)5-7
2686,財務管理系,資料庫管理與應用,林崇德,E118,(四)2-4
4133,財務管理系,中文閱讀與表達(二),王岫林,E110,(二)8-9
2687,財務管理系,財務報表分析,蔡繡容,C222,(四)6-8
2688,財務管理系,國際財務管理,林育志,C203,(五)5-7
2689,財務管理系,統計學(二),許博翔,E109,(一)2-4
2690,財務管理系,總體經濟學,王瑪如,C222,(三)7-9
2691,財務管理系,個人理財,黃玉娟,C103,(一)5-7
2692,財務管理系,企業資源規劃,陳旭耀,C222,(四)10-12
2693,財務管理系,資料探勘,陳冠華,E118,(一)5-7
2694,財務管理系,數位銀行,潘靜慶,C446,(二)5-7
2695,財務管理系,智慧投資實作專題(二),蘇玄啟,E118,(五)5
2696,財務管理系,證券投資分析,林財印,C222,(三)2-4
2697,財務管理系,量化投資分析,蘇玄啟,E118,(五)6-8
2698,財務管理系,金融科技實務,黃信嘉,C218,(四)2-4
2699,財務管理系,成本與管理會計,蔡繡容,C434,(三)2-4
2700,財務管理系,貨幣銀行學,吳炳松,E109,(三)7-9
2702,財務管理系,創新創業講座,黃玉娟,C448,(三)5
2703,財務管理系,財務管理個案,陳香蘭,E109,(二)5-7
2704,財務管理系,社群媒體與大數據分析,洪啟仁,E109,(四)7-9
3945,工學院,環境教育教材教法,"陳勝一,林維㨗",E201,(一)7-8
4005,管理學院,企業倫理與永續發展,蔡坤穆,C104,(三)7-8
4006,管理學院,企業倫理與永續發展,蔡坤穆,C448,(三)3-4
4007,管理學院,企業倫理與永續發展,吳師豪,C116,(三)3-4
4008,管理學院,企業倫理與永續發展,陳國樑,E422,(三)7-8
4009,管理學院,企業倫理與永續發展,馮琡珺,E422,(四)5-6
4010,管理學院,企業倫理與永續發展,阮明勇,C104,(一)3-4
4011,管理學院,企業倫理與永續發展,龍仕璋,C104,(二)3-4
4012,管理學院,企業倫理與永續發展,林君瀌,C203,(一)8-9
4014,管理學院,智慧科技,陳昱欣,E420,(二)5-7
4015,管理學院,機器學習,黃文楨,C220,(二)2-4
4016,管理學院,智慧商務導論,李國維,C448,(二)5-7
5472,管理學院,智慧科技,陳宏仁,E424,(一)2-4
4106,基礎教育中心,中文閱讀與表達(二),廖堅均,B120,(一)1-2
4107,基礎教育中心,中文閱讀與表達(二),陳雅萍,B122,(一)1-2
4108,基礎教育中心,中文閱讀與表達(二),廖堅均,E207,(一)3-4
4109,基礎教育中心,中文閱讀與表達(二),陳鍾琇,E207,(二)3-4
4110,基礎教育中心,中文閱讀與表達(二),陳鍾琇,E205,(二)1-2
4111,基礎教育中心,中文閱讀與表達(二),詹雅雯,E206,(二)1-2
4112,基礎教育中心,中文閱讀與表達(二),王惠萱,E205,(二)3-4
4113,基礎教育中心,中文閱讀與表達(二),詹雅雯,E206,(二)3-4
4114,基礎教育中心,中文閱讀與表達(二),謝孟芸,E106,(五)1-2
4115,基礎教育中心,中文閱讀與表達(二),傅及光,D105,(一)1-2
4116,基礎教育中心,中文閱讀與表達(二),傅及光,D105,(一)3-4
4117,基礎教育中心,中文閱讀與表達(二),徐靖茹,D009,(一)1-2
4118,基礎教育中心,中文閱讀與表達(二),陳猷青,D107,(二)3-4
4119,基礎教育中心,中文閱讀與表達(二),陳玉蕾,D108,(二)3-4
4120,基礎教育中心,中文閱讀與表達(二),陳玉蕾,D108,(二)1-2
4121,基礎教育中心,中文閱讀與表達(二),王惠萱,E209,(二)1-2
4122,基礎教育中心,中文閱讀與表達(二),陳猷青,E210,(二)1-2
4123,基礎教育中心,中文閱讀與表達(二),柳秀英,B222,(一)3-4
4124,基礎教育中心,中文閱讀與表達(二),黃慶雄,B225,(一)3-4
4125,基礎教育中心,中文閱讀與表達(二),陳雅萍,E419,(一)3-4
4126,基礎教育中心,中文閱讀與表達(二),徐靖茹,E420,(一)3-4
4127,基礎教育中心,中文閱讀與表達(二),謝孟芸,E213,(二)8-9
4128,基礎教育中心,中文閱讀與表達(二),林俞佑,E217,(二)8-9
4129,基礎教育中心,中文閱讀與表達(二),詹雅雯,E311,(一)8-9
4130,基礎教育中心,中文閱讀與表達(二),廖堅均,E314,(一)8-9
4131,基礎教育中心,中文閱讀與表達(二),黃小民,E310,(一)8-9
4132,基礎教育中心,中文閱讀與表達(二),黃小民,E005,(一)3-4
4133,基礎教育中心,中文閱讀與表達(二),王岫林,E110,(二)8-9
4134,基礎教育中心,中文閱讀與表達(二),林俞佑,E317,(二)3-4
4135,基礎教育中心,中文閱讀與表達(二),陳猷青,C203,(四)8-9
4136,基礎教育中心,中文閱讀與表達(二),謝孟芸,B323,(二)3-4
4241,博雅教育中心,校訂(一)藝術美感探索,唐宜君,D308,(三)3-4
4242,博雅教育中心,校訂(一)藝術美感探索,唐宜君,D308,(三)1-2
4243,博雅教育中心,校訂(一)藝術美感探索,龔蒂菀,J009,(四)5-6
4244,博雅教育中心,校訂(二)運算與程式設計,侯易佑,B211電腦教室,(一)1-2
4245,博雅教育中心,校訂(二)運算與程式設計,侯易佑,B211電腦教室,(一)3-4
4246,博雅教育中心,校訂(二)運算與程式設計,陳慶永,B211電腦教室,(二)3-4
4247,博雅教育中心,校訂(二)運算與程式設計,宋旗桂,B211電腦教室,(二)1-2
4248,博雅教育中心,校訂(三)生命與倫理,王玫玉,D308,(二)1-2
4249,博雅教育中心,校訂(三)生命與倫理,吳美麗,E210,(四)7-8
4250,博雅教育中心,校訂(三)生命與倫理,王玫玉,D009,(二)3-4
4251,博雅教育中心,校訂(三)生命與倫理,吳美麗,E210,(四)5-6
4252,博雅教育中心,校訂(四)走讀高雄,唐宜君,E209,(四)5-6
4253,博雅教育中心,校訂(四)走讀高雄,唐宜君,D308,(四)3-4
4254,博雅教育中心,校訂(四)走讀高雄,謝濬澤,E301,(二)3-4
4255,博雅教育中心,校訂(四)走讀高雄,唐宜君,E209,(四)7-8
4256,博雅教育中心,校訂(四)走讀高雄,謝濬澤,D308,(二)5-6
4257,博雅教育中心,校訂(五)海洋科技與永續,陳銘志,E001,(二)3-4
4258,博雅教育中心,校訂(五)海洋科技與永續,許筑婷,E001,(二)1-2
4259,博雅教育中心,校訂(五)海洋科技與永續,高瑞鍾,E001,(一)3-4
4260,博雅教育中心,校訂(五)海洋科技與永續,孫維廷,E001,(一)1-2
4261,博雅教育中心,校訂(六)創意與創新,宋旗桂,J009,(一)3-4
4262,博雅教育中心,校訂(六)創意與創新,李國維,J001,(三)3-4
4263,博雅教育中心,校訂(六)創意與創新,巴慧玲,E015,(一)1-2
4264,博雅教育中心,校訂(六)創意與創新,劉處英,J001,(二)1-2
4265,博雅教育中心,校訂(六)創意與創新,宋旗桂,J009,(一)1-2
4266,博雅教育中心,校訂(六)創意與創新,張婷媛,E214,(一)1-2
4267,博雅教育中心,校訂(六)創意與創新,陳宗澤,創夢工場電子區,(一)3-4
4268,博雅教育中心,校訂(六)創意與創新,陳怡君,J001,(二)7-8
4269,博雅教育中心,校訂(六)創意與創新,張珝丹,J009,(二)1-2
4270,博雅教育中心,校訂(六)創意與創新,陳建志,J009,(二)3-4
4387,博雅教育中心,博雅(社會)法律與生活,蔡碧真,E419,(二)3-4
4388,博雅教育中心,博雅(社會)法律與生活,蔡碧真,E419,(二)1-2
4389,博雅教育中心,博雅(社會)法律與生活,李佳冠,E001,(二)5-6
4390,博雅教育中心,博雅(社會)媒體素養,洪聖斐,C204,(二)5-6
4391,博雅教育中心,博雅(社會)智慧財產權法,龍仕璋,C104,(二)1-2
4392,博雅教育中心,博雅(社會)廣告與創意生活,顏思婷,E209,(一)1-2
4393,博雅教育中心,博雅(社會)廣告與創意生活,王國源,D104,(二)1-2
4394,博雅教育中心,博雅(社會)廣告與創意生活,顏思婷,E302,(二)3-4
4395,博雅教育中心,博雅(社會)運動休閒與健康,林欣仕,E420,(一)1-2
4396,博雅教育中心,博雅(科技)現今科技議題,林金池,E012,(一)1-2
4397,博雅教育中心,博雅(科技)現今科技議題,林金池,E012,(一)3-4
4398,博雅教育中心,博雅(人文)音樂賞析,宋書敏,E015,(二)3-4
4399,博雅教育中心,博雅(人文)音樂賞析,宋書敏,E015,(二)1-2
4400,博雅教育中心,博雅(人文)音樂賞析,蔡佩芬,E110,(二)3-4
4401,博雅教育中心,博雅(人文)西方音樂的軌跡,程致彤,E214,(四)5-6
4402,博雅教育中心,博雅(人文)西方音樂的軌跡,程致彤,E214,(四)7-8
4403,博雅教育中心,博雅(社會)婚姻與家庭,蔡淑敏,E303,(二)1-2
4404,博雅教育中心,博雅(社會)行銷與生活,巴慧玲,E015,(一)3-4
4405,博雅教育中心,博雅(人文)影像理論與實作,鐘沛岑,B211電腦教室,(五)1-2
4406,博雅教育中心,博雅(人文)影像理論與實作,鐘沛岑,B211電腦教室,(五)3-4
4407,博雅教育中心,博雅(歷史)世界遺產導覽,劉伯雯,E303,(三)3-4
4408,博雅教育中心,博雅(歷史)南臺灣歷史與文化,王和安,E011,(一)5-6
4409,博雅教育中心,博雅(歷史)南臺灣歷史與文化,王和安,E011,(一)7-8
4410,博雅教育中心,博雅(全球)全球議題與趨勢,蔡依玲,D101,(二)3-4
4411,博雅教育中心,博雅(全球)全球議題與趨勢,唐宜君,D308,(三)7-8
4412,博雅教育中心,博雅(人文)環境美感與實踐,唐宜君,D308,(二)3-4
4413,博雅教育中心,博雅(人文)環境美感與實踐,唐宜君,E209,(二)5-6
4414,博雅教育中心,博雅(人文)環境美感與實踐,駱昭男,E422,(二)3-4
4415,博雅教育中心,博雅(人文)環境美感與實踐,駱昭男,E422,(二)1-2
4416,博雅教育中心,博雅(科技)智慧物聯網程式設計實作,宋旗桂,B211電腦教室,(一)5-6
4419,博雅教育中心,博雅(科技)商務網站程式設計實作,吳姿靜,B211電腦教室,(二)7-8
4420,博雅教育中心,博雅(科技)科技農業概論,韓長龍,E307,(三)3-4
4421,博雅教育中心,博雅(科技)Python資料分析實作,吳姿靜,B211電腦教室,(四)3-4
4422,博雅教育中心,博雅(歷史)中國文明發展史,劉東霖,E011,(五)3-4
4423,博雅教育中心,博雅(科技)智慧行動裝置程式設計實作,吳姿靜,B211電腦教室,(二)5-6
4424,博雅教育中心,博雅(社會)性別與法律,彭國光,E012,(二)3-4
4425,博雅教育中心,博雅(全球)全球議題與SDGs,陳宗澤,J009,(一)5-6
4426,博雅教育中心,博雅(全球)臺灣地理環境與資源,洪維晟,E209,(五)5-6
4427,博雅教育中心,博雅(全球)永續發展導論,韓長龍,E109,(二)3-4
4428,博雅教育中心,博雅(社會)健康促進與生活實踐,吳介山,E210,(三)7-8
4429,博雅教育中心,博雅(社會)健康促進與生活實踐,吳明陽,D308,(一)1-2
4430,博雅教育中心,博雅(社會)飲食安全與保健,吳東安,C204,(一)5-6
4431,博雅教育中心,博雅(社會)飲食安全與保健,吳東安,E422,(一)3-4
4432,博雅教育中心,博雅(歷史)海洋文明發展,洪維晟,E001,(五)3-4
4433,博雅教育中心,博雅(歷史)海洋文明發展,洪維晟,E001,(五)1-2
4434,博雅教育中心,博雅(歷史)海洋文明發展,謝濬澤,E109,(一)7-8
4435,博雅教育中心,博雅(歷史)海洋文明發展,謝濬澤,E109,(一)5-6
4436,博雅教育中心,博雅(全球)社區營造與在地連結,張婷媛,E214,(一)3-4
4437,博雅教育中心,博雅(人文)繪畫藝術與實踐,陳美齡,E305,(二)1-2
4438,博雅教育中心,博雅(人文)繪畫藝術與實踐,陳美齡,E305,(二)3-4
4439,博雅教育中心,博雅(人文)創意故事影響力,陳建志,J009,(二)5-6
4440,博雅教育中心,博雅(人文)創意故事影響力,詹喆君,E214,(二)7-8
4441,博雅教育中心,博雅(人文)創意故事影響力,詹喆君,E214,(二)5-6
4442,博雅教育中心,博雅(人文)設計思考,陳怡君,創夢工場電子區,(一)5-6
4443,博雅教育中心,博雅(人文)設計思考,李國維,J001,(二)3-4
4444,博雅教育中心,博雅(人文)設計思考,陳建志,J001,(一)5-6
4445,博雅教育中心,博雅(人文)世界音樂與多元文化,陳瑋茜,E214,(三)3-4
4446,博雅教育中心,博雅(人文)世界音樂與多元文化,陳瑋茜,E214,(三)1-2
4447,博雅教育中心,博雅(人文)世界音樂與多元文化,沈姚汝,C204,(五)1-2
4448,博雅教育中心,博雅(科技)科技與生活,江俊雄,E422,(四)3-4
4449,博雅教育中心,博雅(科技)科技與生活,江俊雄,E422,(四)1-2
4450,博雅教育中心,博雅(科技)能源與生活,劉孝志,D105,(二)1-2
4451,博雅教育中心,博雅(社會)易經管理思維,盧秀仁,E209,(二)7-8
4452,博雅教育中心,博雅(社會)性別、文化與社會,張佳琳,E420,(二)1-2
4453,博雅教育中心,博雅(社會)性別、文化與社會,楊錦登,E301,(二)1-2
4454,博雅教育中心,博雅(社會)性別、文化與社會,張佳琳,E301,(二)5-6
4455,博雅教育中心,博雅(社會)性別、文化與社會,張佳琳,E420,(二)3-4
4456,博雅教育中心,博雅(社會)投資理財規劃,林家樂,E421,(二)5-6
4457,博雅教育中心,博雅(社會)情緒管理與壓力調適,吳美麗,D308,(二)7-8
4458,博雅教育中心,博雅(社會)溝通與表達,張美瑤,E214,(二)3-4
4459,博雅教育中心,博雅(社會)溝通與表達,張美瑤,E214,(二)1-2
4460,博雅教育中心,博雅(社會)溝通與表達,張珝丹,E213,(二)3-4
4461,博雅教育中心,博雅(社會)溝通與表達,蔡曉雲,E202,(一)3-4
4462,博雅教育中心,博雅(社會)溝通與表達,楊新雄,E209,(二)3-4
4464,博雅教育中心,博雅(社會)溝通與表達,馮榮豐,F109,(二)3-4
4465,博雅教育中心,博雅(社會)科技與社會,林君瀌,C203,(二)3-4
4466,博雅教育中心,博雅(社會)科技與社會,陳俊吉,B225,(二)8-9
4467,博雅教育中心,博雅(社會)科技與社會,李世聰,E009,(二)8-9
4468,博雅教育中心,博雅(社會)生涯規劃,"孫珮珮,陳樹人",J001,(一)3-4
4471,博雅教育中心,博雅(歷史)台灣社會與文化,陳俊良,E002,(一)3-4
4472,博雅教育中心,博雅(全球)世界風情,郜一如,E217,(二)3-4
4473,博雅教育中心,博雅(全球)世界風情,施茹譯,D203,(二)3-4
4474,博雅教育中心,博雅(全球)全球化與兩岸關係,陳清泉,C204,(二)3-4
4475,博雅教育中心,博雅(全球)東南亞文化與社會,黃小庭,D308,(一)3-4
4476,博雅教育中心,博雅(全球)東南亞文化與社會,謝濬澤,E001,(四)7-8
4477,博雅教育中心,博雅(全球)東南亞文化與社會,謝濬澤,E001,(四)5-6
4478,博雅教育中心,博雅(全球)全球化的挑戰與因應,洪聖斐,C204,(二)7-8
4479,博雅教育中心,博雅(全球)服務創新,李國維,J001,(四)5-6
4480,博雅教育中心,博雅(全球)服務創新,李國維,J001,(四)7-8
4481,博雅教育中心,博雅(全球)服務創新,林家樂,E421,(二)7-8
4482,博雅教育中心,博雅(全球)服務創新,陳宗澤,J009,(一)7-8
4483,博雅教育中心,博雅(全球)服務創新,陳怡君,J009,(四)7-8
4484,博雅教育中心,博雅(歷史)台灣古蹟與歷史,王和安,E209,(三)3-4
4485,博雅教育中心,博雅(社會)社區長照關懷,洪麗如,D415,(五)3-4
4486,博雅教育中心,博雅(歷史)邏輯思維,楊晨輝,E307,(二)1-2
4487,博雅教育中心,博雅(全球)國際組織與國際關係,張惠君,E421,(二)3-4
4488,博雅教育中心,博雅(科技)光電科技概論,葉蕙溱,E016,(二)1-2
4489,博雅教育中心,博雅(人文)戲劇賞析,劉處英,E210,(二)3-4
4490,博雅教育中心,博雅(歷史)哲學基本問題,楊晨輝,E307,(二)3-4
4491,博雅教育中心,博雅(歷史)哲學基本問題,張惠君,E421,(二)1-2
4492,博雅教育中心,博雅(歷史)應用倫理學-工程倫理,蕭汎儀,E301,(一)1-2
4493,博雅教育中心,博雅(歷史)應用倫理學-工程倫理,蕭汎儀,E301,(一)3-4
4494,博雅教育中心,博雅(歷史)應用倫理學-工程倫理,許宏德,E201,(二)3-4
4495,博雅教育中心,博雅(科技)生活中的智慧科技,張祥唐,B342,(二)3-4
4496,博雅教育中心,博雅(科技)安全衛生概論,蔡曉雲,E202,(二)3-4
4497,博雅教育中心,博雅(科技)資訊素養與倫理,許淑娟,E210,(五)5-6
4498,博雅教育中心,博雅(社會)民主與法治,陳清泉,C204,(二)1-2
4499,博雅教育中心,博雅(社會)休閒生活與教育,顏思婷,E302,(二)1-2
4739,外語教育中心,日語(二),林秀芬,E008,(一)5-6
4740,外語教育中心,日語(二),謝宗倫,E207,(一)5-6
4741,外語教育中心,日語(二),洪瓔玲,E003,(一)5-6
4742,外語教育中心,日語(二),謝宗倫,E207,(一)7-8
4743,外語教育中心,日語(二),陳貌卿,E302,(五)3-4
4744,外語教育中心,日語(二),林秀芬,D104,(五)1-2
4745,外語教育中心,日語(二),斎藤雅子,E420,(五)1-2
4746,外語教育中心,日語(二),洪瓔玲,E403,(五)1-2
4748,外語教育中心,日語(二),黃惠玲,C204,(五)3-4
4749,外語教育中心,日語(二),斎藤雅子,E420,(五)3-4
4750,外語教育中心,日語(二),洪瓔玲,E403,(五)3-4
4751,外語教育中心,實用英文(二),葉采旻,B222,(一)5-6
4752,外語教育中心,實用英文(二),葉采旻,B222,(一)7-8
4753,外語教育中心,實用英文(二),羅麗卿,E306,(一)5-6
4754,外語教育中心,實用英文(二),謝雅菁,E206,(一)5-6
4755,外語教育中心,實用英文(二),張晴,J124,(一)5-6
4756,外語教育中心,實用英文(二),鄭雅尹,D009,(一)5-6
4757,外語教育中心,實用英文(二),牛亞琪,E001,(一)5-6
4758,外語教育中心,實用英文(二),謝雅菁,E206,(一)7-8
4759,外語教育中心,實用英文(二),羅麗卿,E306,(一)7-8
4760,外語教育中心,實用英文(二),陳佳艷,E008,(一)7-8
4761,外語教育中心,實用英文(二),鄭雅尹,D009,(一)7-8
4762,外語教育中心,實用英文(二),牛亞琪,E001,(一)7-8
4763,外語教育中心,實用英文(二),侯仰霞,E205,(一)7-8
4764,外語教育中心,實用英文(二),胡智翔,E214,(一)5-6
4765,外語教育中心,實用英文(二),施茹譯,E204,(一)7-8
4766,外語教育中心,實用英文(二),胡智翔,E214,(一)7-8
4767,外語教育中心,實用英文(二),林子宸,E110,(一)5-6
4768,外語教育中心,實用英文(二),林子宸,E110,(一)7-8
4769,外語教育中心,實用英文(二),趙秀玲,E306,(五)3-4
4770,外語教育中心,實用英文(二),孫英敏,E011,(五)1-2
4771,外語教育中心,實用英文(二),孫婉鈞,E422,(五)1-2
4772,外語教育中心,實用英文(二),孫婉鈞,E422,(五)3-4
4773,外語教育中心,實用英文(二),張孟文,E002,(五)1-2
4774,外語教育中心,實用英文(二),蔣興華,D308,(五)1-2
4775,外語教育中心,實用英文(二),牛亞琪,D107,(五)1-2
4776,外語教育中心,實用英文(二),莊心瑜,E209,(五)3-4
4777,外語教育中心,實用英文(二),張孟文,E002,(五)3-4
4778,外語教育中心,實用英文(二),楊千禛,D107,(五)3-4
4779,外語教育中心,實用英文(二),蔣興華,D308,(五)3-4
4780,外語教育中心,實用英文(二),呂欽鈺,E423,(五)1-2
4781,外語教育中心,實用英文(二),高玉珮,D203,(五)1-2
4782,外語教育中心,實用英文(二),吳書萱,E419,(五)1-2
4783,外語教育中心,實用英文(二),陳振剛,E304,(五)1-2
4784,外語教育中心,實用英文(二),林子宸,E424,(五)1-2
4785,外語教育中心,實用英文(二),呂欽鈺,E423,(五)3-4
4786,外語教育中心,實用英文(二),吳書萱,E419,(五)3-4
4787,外語教育中心,實用英文(二),高玉珮,D203,(五)3-4
4788,外語教育中心,實用英文(二),陳振剛,E304,(五)3-4
4789,外語教育中心,觀光英語,莊心瑜,E214,(四)3-4
4790,外語教育中心,德語(二),翁幸瑜,D103多功能教室,(五)3-4
4791,外語教育中心,德語(二),黃靖時,D301文化教室,(五)3-4
4792,外語教育中心,德語(二),廖玉儀,E305,(五)1-2
4793,外語教育中心,德語(二),劉懿德,E213,(一)7-8
4794,外語教育中心,德語(二),李林坡,E205,(一)5-6
4795,外語教育中心,德語(四),廖玉儀,E305,(五)3-4
4796,外語教育中心,日語(四),吳純姍,E012,(一)5-6
4798,外語教育中心,日語(四),陳惠文,D108,(五)3-4
4799,外語教育中心,日語(四),林秀芬,D104,(五)3-4
4800,外語教育中心,日語(六),吳純姍,E012,(五)1-2
4801,外語教育中心,日語(八),吳純姍,E012,(五)3-4
4802,外語教育中心,英文簡報,戴瑋,E012,(四)5-6
4803,外語教育中心,泰語(二),李敏玉,D106,(五)1-2
4804,外語教育中心,泰語(二),李敏玉,D106,(五)3-4
4805,外語教育中心,泰語(二),潘婉玲,E421,(一)3-4
4807,外語教育中心,泰語(四),潘婉玲,E421,(一)1-2
4808,外語教育中心,華語(一),葉亭妤,E424,(五)3-4
4811,外語教育中心,華語(二),雷雅安,E416,(五)3-4
4812,外語教育中心,華語(四),雷雅安,E416,(一)7-8
4813,外語教育中心,商用英語,高玉珮,E012,(五)5-6
4816,外語教育中心,越南語(二),阮氏青河,D105,(五)1-2
4817,外語教育中心,越南語(二),阮氏青河,E304,(一)5-6
4818,外語教育中心,越南語(四),阮氏青河,D105,(五)3-4
4820,外語教育中心,國際議題英語討論,鄭凱睿,E014,(一)5-6
4821,外語教育中心,跨文化主題-流行文化,戴瑋,E012,(二)5-6
4822,外語教育中心,跨文化主題-科技與生活,柯偉丞,E210,(一)3-4
4929,外語教育中心,實用英文(四),吳昌恂,E204,(一)5-6
4930,外語教育中心,實用英文(四),傅貞珍,C204,(一)7-8
4931,外語教育中心,實用英文(四),黃尚文,E016,(一)5-6
4932,外語教育中心,實用英文(四),戴瑋,E010,(一)5-6
4933,外語教育中心,實用英文(四),莊心瑜,E422,(一)5-6
4934,外語教育中心,實用英文(四),柯偉丞,E210,(一)5-6
4935,外語教育中心,實用英文(四),唐淑芳,E403,(一)5-6
4936,外語教育中心,實用英文(四),黃尚文,E016,(一)7-8
4937,外語教育中心,實用英文(四),黃海深,E010,(一)7-8
4938,外語教育中心,實用英文(四),莊心瑜,E422,(一)7-8
4939,外語教育中心,實用英文(四),柯偉丞,E210,(一)7-8
4940,外語教育中心,實用英文(四),鄭凱睿,E014,(一)7-8
4941,外語教育中心,實用英文(四),許呈瑟,E203,(一)5-6
4942,外語教育中心,實用英文(四),林汝穗,E002,(一)5-6
4943,外語教育中心,實用英文(四),施泊琹,E213,(一)5-6
4944,外語教育中心,實用英文(四),范嘉玲,E209,(一)5-6
4945,外語教育中心,實用英文(四),范嘉玲,E209,(一)7-8
4946,外語教育中心,實用英文(四),許呈瑟,E203,(一)7-8
4947,外語教育中心,實用英文(四),林汝穗,E002,(一)7-8
4948,外語教育中心,實用英文(四),吳昌恂,J124,(五)3-4
4949,外語教育中心,實用英文(四),唐淑芳,E212,(五)1-2
4950,外語教育中心,實用英文(四),張晴,E421,(五)1-2
4951,外語教育中心,實用英文(四),鄧安妮,E301,(五)1-2
4952,外語教育中心,實用英文(四),吳昌恂,J124,(五)1-2
4953,外語教育中心,實用英文(四),鄧安妮,E301,(五)3-4
4954,外語教育中心,實用英文(四),唐淑芳,E213,(五)3-4
4955,外語教育中心,實用英文(四),張晴,E421,(五)3-4
4956,外語教育中心,實用英文(四),張淑君,E115,(五)3-4
4957,外語教育中心,實用英文(四),陳佳艷,E214,(五)1-2
4958,外語教育中心,實用英文(四),邱翊婷,E003,(五)1-2
4959,外語教育中心,實用英文(四),安慧芝,E307,(五)1-2
4960,外語教育中心,實用英文(四),趙秀玲,E306,(五)1-2
4961,外語教育中心,實用英文(四),林耕安,E209,(五)1-2
4962,外語教育中心,實用英文(四),黃尚文,E115,(五)1-2
4963,外語教育中心,實用英文(四),胡智翔,E109,(五)3-4
4964,外語教育中心,實用英文(四),陳佳艷,E214,(五)3-4
4965,外語教育中心,實用英文(四),賴偉毅,E110,(五)3-4
4966,外語教育中心,實用英文(四),羅麗卿,E303,(五)3-4
4967,外語教育中心,實用英文(四),邱翊婷,E003,(五)3-4
4968,外語教育中心,實用英文(四),鄭凱睿,E212,(五)3-4
4969,外語教育中心,實用英文(四),安慧芝,E307,(五)3-4
5153,軍訓,全民國防教育軍事訓練課程-國防科技,鍾志正,E003,(三)3-4
5339,體育課程,體育(四)-體適能瑜珈,趙學瑾,瑜珈教室K403,(一)7-8
5340,體育課程,體育(四)-體適能瑜珈,趙學瑾,瑜珈教室K403,(五)3-4
5341,體育課程,體育(四)-體適能瑜珈,陳秀惠,瑜珈教室K403,(五)5-6
5342,體育課程,體育(四)-體適能瑜珈,黃羽淳,瑜珈教室K403,(三)3-4
5343,體育課程,體育(四)-適應體育,侯傑議,瑜珈教室K403,(五)8-9
5348,體育課程,體育(四)-有氧舞蹈,趙學瑾,瑜珈教室K403,(一)5-6
5349,體育課程,體育(四)-有氧舞蹈,謝光中,瑜珈教室K403,(二)5-6
5350,體育課程,體育(四)-有氧舞蹈,謝光中,瑜珈教室K403,(二)7-8
5351,體育課程,體育(四)-有氧舞蹈,黃羽淳,瑜珈教室K403,(三)1-2
5352,體育課程,體育(四)-有氧舞蹈,趙學瑾,瑜珈教室K403,(四)3-4
5353,體育課程,體育(四)-有氧舞蹈,趙學瑾,瑜珈教室K403,(五)1-2
10,光電工程研究所,表面科學專論,"賴富德,高宗達",F131,(四)5-7
11,光電工程研究所,光感測原理與應用,高宗達,F131,(三)2-4
12,光電工程研究所,數位光學,葉蕙溱,F131,(五)2-4
15,光電工程研究所,色彩工程學,葉蕙溱,F131,(四)2-4
16,光電工程研究所,光電材料專論,"賴富德,高宗達",F131,(二)5-7
17,光電工程研究所,光電元件與感測技術,賴富德,F131,(二)2-4
18,光電工程研究所,薄膜光學設計與實作,賴富德,F131,(一)5-7
22,電機系智慧自動化系統碩士班,專題研討(二),楊浩青,F107,(五)6-7
23,電機系智慧自動化系統碩士班,類神經網路,楊浩青,F107,(一)2-4
24,電機系智慧自動化系統碩士班,智慧製造系統導論,楊浩青,F107,(三)2-4
25,電機系智慧自動化系統碩士班,數位邏輯與控制,蘇科翰,F107,(四)2-4
540,電機系智慧自動化系統碩士班,電腦視覺,游源成,F107,(四)5-7
555,電機系智慧自動化系統碩士班,精密運動系統導論,蘇科翰,F107,(三)5-7
557,電機系智慧自動化系統碩士班,電玩物理學,黃勤鎰,F107,(二)5-7
558,電機系智慧自動化系統碩士班,伺服電機控制,杜國洋,F107,(二)2-4
559,電機系智慧自動化系統碩士班,系統建模與鑑別,黃勤鎰,F107,(一)5-7
26,電機系智慧自動化系統碩士班,專題研討(四),黃勤鎰,F208,(五)6-7
343,電子工程系碩士班[第一],專題討論(二),"許耀文,陳俊吉",B225,(二)5-6
344,電子工程系碩士班[第一],微波工程,許耀文,B225,(三)7-9
346,電子工程系碩士班[第一],台鐵通訊系統實務,彭君晏,B222,(四)10-12
347,電子工程系碩士班[第一],輕軌號誌系統實務,施勇全,B222,(二)10-12
348,電子工程系碩士班[第一],無線通訊技術,梁毓珊,B504,(二)2-4
349,電子工程系碩士班[第一],電力轉換器分析與產業應用,范淑媛,E014,(四)2-4
351,電子工程系碩士班[第一],機器學習與實作,陳朝烈,B504,(三)7-9
352,電子工程系碩士班[第一],電力轉換電路設計,曾國境,S202,(三)2-4
353,電子工程系碩士班[第一],電能儲存與電力轉換技術,曾國境,S202,(二)7-9
354,電子工程系碩士班[第一],智能系統與物聯網技術應用,葉期財,B504,(一)2-4
364,電腦與通訊工程系碩士班,超大型積體電路設計,謝瑞鴻,F455,(三)2-4
365,電腦與通訊工程系碩士班,行動邊緣計算,萬欽德,F106,(五)2-4
366,電腦與通訊工程系碩士班,生醫訊號處理,張剛鳴,F106,(四)2-4
367,電腦與通訊工程系碩士班,網路與資安攻防實習,吳介騫,F455,(四)2-4
368,電腦與通訊工程系碩士班,超大型積體電路設計實習,謝瑞鴻,F455,(四)5-7
369,電腦與通訊工程系碩士班,機器學習,曾士桓,S204,(二)5-7
370,電腦與通訊工程系碩士班,專題演講(二),"彭康峻,張剛鳴",F106,(三)5-6
371,電腦與通訊工程系碩士班,智慧感測網路,魏清煌,F106,(二)2-4
372,電腦與通訊工程系碩士班,通訊系統設計實習,郝敏忠,F106,(三)7-9
373,電腦與通訊工程系碩士班,行動裝置程式設計實習,徐偉智,S204,(五)5-7
374,電腦與通訊工程系碩士班,電腦與通訊專題討論(二),"吳介騫,吳大鈞,張剛鳴,彭康峻,徐偉智,曾士桓,曾建誠,林壽煦,楊新雄,江傳文,汪桓生,洪金車,萬欽",B121,(一)5-6
374,電腦與通訊工程系碩士班,電腦與通訊專題討論(二),"吳介騫,吳大鈞,張剛鳴,彭康峻,徐偉智,曾士桓,曾建誠,林壽煦,楊新雄,江傳文,汪桓生,洪金車,萬欽",B123,(一)5-6
374,電腦與通訊工程系碩士班,電腦與通訊專題討論(二),"吳介騫,吳大鈞,張剛鳴,彭康峻,徐偉智,曾士桓,曾建誠,林壽煦,楊新雄,江傳文,汪桓生,洪金車,萬欽",B125,(一)5-6
376,電腦與通訊工程系碩士班,展頻通訊,郝敏忠,B345,(一)2-4
979,電腦與通訊工程系碩士班,無線通訊系統,林壽煦,B229,(四)5-7
980,電腦與通訊工程系碩士班,電腦視覺,黃世勳,F106,(一)2-4
995,電腦與通訊工程系碩士班,多媒體安全,吳大鈞,F106,(二)5-7
996,電腦與通訊工程系碩士班,數據網路分析,蔡碩仁,F455,(二)2-4
997,電腦與通訊工程系碩士班,高等計算機結構,洪金車,F106,(三)2-4
1442,工業設計系,工業設計,葉恒志,E103,(二)2-4
1443,工業設計系,專題討論(二),"林龍吟,蔡宏政",B501,(三)5-6
1445,工業設計系,魅力工學,王藝蓁,E103,(五)2-4
1446,工業設計系,智慧技術與科學,林龍吟,B2018,(三)7-9
1447,工業設計系,互動人因設計,蔡宏政,B442,(二)5-7
1448,工業設計系,文化經濟與媒體發展,龔蒂菀,E103,(三)2-4
1450,工業設計系,創新構想與商業模式,葉恒志,E103,(二)5-7
1452,機電工程系,有限元素法,林栢村,T212,(三)2-4
1453,機電工程系,專題討論(二),"林育全,郭見隆",F109,(三)5-6
1454,機電工程系,機器人學,吳宗亮,T212,(二)2-4
1455,機電工程系,運動控制系統導論,薛博文,T212,(一)2-4
1456,機電工程系,金屬成形模具設計實務與實驗,楊俊彬,B116,(二)5-8
1457,機電工程系,沖壓模具分析與實驗,"郭峻志,林栢村",T212,(三)7-10
1458,機電工程系,英語簡報實務與實習,"馮蕙嫻,吳宗亮",B116,(一)7-8
1459,機電工程系,光子晶體波導設計,林育全,B115,(三)7-9
1460,機電工程系,電腦輔助光機系統設計,林育全,B339,(五)2-4
1461,機電工程系,數位控制系統,李振榮,B339,(四)5-7
1462,機電工程系,統計製程管制,曾奕丰,B115,(二)2-4
1463,機電工程系,高等電機控制,郭見隆,T210,(五)5-7
1464,機電工程系,半導體製程概論,郭文正,B116,(四)5-7
1465,機電工程系,模具材料熱處理,楊玉森,B116,(五)1-3
1466,機電工程系,產品創新與同步設計,余志成,B344,(一)2-4
1467,機電工程系,LED照明設計原理與應用,謝其昌,B116,(二)2-4
1468,機電工程系,數位電路系統設計實務,劉永田,E205,(四)2-4
1469,機電工程系,電機機械與伺服系統設計,姚武松,B113,(二)6-8
1512,機電工程系,車輛動態系統,鄭永長,T212,(五)2-4
1513,環境與安全衛生工程系碩士班,先進通風系統的理論與應用,蘇崇輝,E403,(四)5-7
1517,環境與安全衛生工程系碩士班,回歸分析特論,賴俊吉,F410,(二)10-12
1518,環境與安全衛生工程系碩士班,生物偵測特論,李家偉,F410,(一)10-12
1521,環境與安全衛生工程系碩士班,工程寫作與發表,陳錫添,F410,(五)2-4
1523,環境與安全衛生工程系碩士班,污泥處理與處置,陳勝一,F410,(二)2-4
1527,環境與安全衛生工程系碩士班,化學程序安全評估與設計,廖宏章,F108,(三)7-9
1529,環境與安全衛生工程系碩士班,專題討論(二),"戴華山,許德仁,黃玉立",F108,(三)5-6
1530,環境與安全衛生工程系碩士班,環境規劃與管理,李孟珊,B120,(二)7-9
1531,環境與安全衛生工程系碩士班,氣候變遷與能源供給特論,張朝欽,E202,(四)2-4
1532,環境與安全衛生工程系碩士班,水處理工程設計,洪崇軒,F108,(二)2-4
1533,環境與安全衛生工程系碩士班,應用分子生物學特論,陳錫添,E203,(四)5-7
1534,環境與安全衛生工程系碩士班,環工處理程序原理(二),洪崇軒,F108,(一)2-4
1535,環境與安全衛生工程系碩士班,工業與環境毒物學特論,許昺奇,E202,(三)2-4
1536,環境與安全衛生工程系碩士班,空氣污染控制設備設計,賴怡潔,E403,(三)7-9
1849,應用日語系碩士班,日本特別講座II,淺野和生,D516,(二)1-2
1850,應用日語系碩士班,日本觀光文化研究,吳章瑤,D516,(三)5-6
1851,應用日語系碩士班,日本語學文獻研究Ⅱ,江俊賢,D516,(二)7-8
1852,應用日語系碩士班,近代台日庶民生活史研究,王天保,D516,(二)3-4
1853,應用日語系碩士班,日本產業與貿易構造專題研究,陳志坪,D516,(三)3-4
1855,應用英語系口筆譯碩士班,中英視譯( II),曾惟,D111,(二)7-8
1856,應用英語系口筆譯碩士班,中英逐步口譯(II),蔡依玲,D414,(三)3-4
1857,應用英語系口筆譯碩士班,中英同步口譯入門,丘羽先,D111,(一)3-4
1858,應用英語系口筆譯碩士班,筆譯習作：中譯英,陳致宏,D204文化教室,(三)7-9
1859,應用英語系口筆譯碩士班,專業背景知識：科技與法律,唐傑夫,D414,(二)5-6
1861,應用英語系口筆譯碩士班,法律翻譯,曾惟,D414,(一)5-7
1862,應用英語系口筆譯碩士班,科技翻譯,陳致宏,D204文化教室,(四)5-7
1863,應用英語系口筆譯碩士班,翻譯學理論,莊媖婷,D414,(二)2-4
1864,應用英語系口筆譯碩士班,中英同步口譯 (II),蔡依玲,D111,(四)2-4
1865,應用英語系口筆譯碩士班,中英逐步口譯 (IV),曾惟,D111,(三)2-4
1866,應用英語系應用語言學與英語教學,商務寫作分析,白堂隆,D208電腦教室,(四)2-4
1867,應用英語系應用語言學與英語教學,世界英語,黃士人,D517,(一)2-4
1868,應用英語系應用語言學與英語教學,外語習得,黃湘怡,D517,(三)2-4
1869,應用英語系應用語言學與英語教學,統計與評量,黃俐絲,D417,(二)2-4
1870,應用英語系應用語言學與英語教學,學術簡報技巧,傅若珊,D201,(二)5-7
1871,應用英語系應用語言學與英語教學,閱讀教學,唐西恩,D517,(四)5-7
1873,應用德語系碩士班,德語語音與語法教學法,黃靖時,D302,(四)3-4
1874,應用德語系碩士班,國際商務專題,任育萱,D302,(一)5-6
1875,應用德語系碩士班,媒體德文翻譯,柏台德,D301文化教室,(二)3-4
1876,應用德語系碩士班,科技德文翻譯,柏台德,D302,(四)7-8
1877,應用德語系碩士班,德語寫作與會話教學法,高慧霞,D301文化教室,(二)1-2
1880,應用德語系碩士班,德語教學實習,黃靖時,D302,(四)1-2
1881,應用德語系碩士班,經貿德文翻譯,余淑雲,D302,(一)3-4
1516,營建工程系碩士班[第一],隧道工程,林志森,B118,(三)7-9
1519,營建工程系碩士班[第一],結構減震技術,林錦隆,B118,(二)2-4
1522,營建工程系碩士班[第一],工程糾紛與求償,郭明恩,F146,(五)5-7
1524,營建工程系碩士班[第一],開放式建築構造,翁佳樑,F146,(二)5-7
1525,營建工程系碩士班[第一],生產力評量與控制,林建良,B118,(二)5-7
1526,營建工程系碩士班[第一],坡地工程與生態技術,范嘉程,B119,(一)5-7
1882,營建工程系碩士班[第一],專題討論(二),"林建良,林彥宇,林志森,翁佳樑",F129,(三)5-6
1883,營建工程系碩士班[第一],建築健康診斷,翁佳樑,B119,(四)5-7
1884,營建工程系碩士班[第一],生態工程材料選擇與應用,林彥宇,F146,(三)2-4
5430,營建工程系碩士班[第一],營建管理資訊系統,陳懿佐,F146,(四)5-7
2216,科技法律研究所,民法(二),黃燦堂,C444,(一)5-7
2217,科技法律研究所,健康保障與衛生行政法專題研究,"廖欽福,施妤青",C444,(四)5-7
2218,科技法律研究所,ESG之企業法遵與實務專題,龍仕璋,C444,(一)2-4
2219,科技法律研究所,美國法院判決研究（下）,周天,C445,(三)2-4
2220,科技法律研究所,美國法院判決研究（下）,周天,C445,(二)5-7
2222,科技法律研究所,專利法,程法彰,C448,(二)2-4
2223,科技法律研究所,行政法,廖欽福,C444,(四)2-4
2224,科技法律研究所,刑法(二),王勁力,C444,(二)2-4
2225,科技法律研究所,著作權法,程法彰,C448,(一)2-4
2230,科技法律研究所,科技法律實務實作(二),周天,C445,(五)5-7
2231,科技法律研究所,著作權管理與法律實務,鄭莞鈴,C219,(三)2-4
2227,科技法律研究所,商事法(二),黃燦堂,C444,(二)5-7
2228,科技法律研究所,民事訴訟法,杜貞儀,C444,(三)5-7
2229,科技法律研究所,法律英文實務,程法彰,C448,(一)5-6
2285,行銷與流通管理系碩士班[第一],多變量分析,李婉怡,C116,(二)2-4
2288,行銷與流通管理系碩士班[第一],定性研究方法,陳志誠,C116,(一)5-7
2289,行銷與流通管理系碩士班[第一],服務行銷專題,"黃吉村,陳昱欣",E425,(三)7-9
2290,行銷與流通管理系碩士班[第一],通路策略與管理專題,許英傑,E425,(三)2-4
2291,行銷與流通管理系碩士班[第一],流通企業個案研究專題,"吳師豪,黃吉村",C123實驗教室,(四)2-4
2347,行銷與流通管理系碩士班[第一],消費者行為專題,葛關復勇,E425,(一)2-4
2350,行銷與流通管理系碩士班[第一],連鎖企業管理專題,簡施儀,C356,(二)5-7
5441,行銷與流通管理系碩士班[第一],服務數據決策分析專題,歐宗殷,E425,(四)5-7
2297,資訊管理系電子商務碩士班,顧客關係管理,周斯畏,C117,(四)2-4
2298,資訊管理系電子商務碩士班,智慧交通與聯網智駕,朱彥銘,C125,(三)7-9
2299,資訊管理系電子商務碩士班,跨境電商與數位行銷,蔡耀德,E211,(四)5-7
2300,資訊管理系電子商務碩士班,企業參訪,李慶章,C117,(五)5-7
2301,資訊管理系電子商務碩士班,電子商務個案研討,許麗玲,C117,(二)5-7
2302,資訊管理系電子商務碩士班,電子商務理論與管理,黃照貴,C117,(三)2-4
2305,資訊管理系電子商務碩士班,多變量分析,陳世智,C117,(三)7-9
2306,資訊管理系電子商務碩士班,電腦視覺應用實務,"陳彥銘,歐陽振森",C120,(一)5-7
2307,資訊管理系電子商務碩士班,人機互動,蘇國瑋,E211,(四)2-4
2308,資訊管理系電子商務碩士班,雲端運算,黃文楨,C220,(二)5-7
2309,資訊管理系電子商務碩士班,網路規劃與管理,鄭進興,C220,(五)2-4
2310,資訊管理系電子商務碩士班,資料應用與安全,莊文勝,C220,(四)5-7
2312,資訊管理系電子商務碩士班,大數據分析與R語言,吳明泰,C120,(一)2-4
2313,資訊管理系電子商務碩士班,商業智慧與巨量資料分析,黃承龍,C120,(二)2-4
2297,資訊管理系碩士班[第一],顧客關係管理,周斯畏,C117,(四)2-4
2298,資訊管理系碩士班[第一],智慧交通與聯網智駕,朱彥銘,C125,(三)7-9
2299,資訊管理系碩士班[第一],跨境電商與數位行銷,蔡耀德,E211,(四)5-7
2301,資訊管理系碩士班[第一],電子商務個案研討,許麗玲,C117,(二)5-7
2302,資訊管理系碩士班[第一],電子商務理論與管理,黃照貴,C117,(三)2-4
2305,資訊管理系碩士班[第一],多變量分析,陳世智,C117,(三)7-9
2306,資訊管理系碩士班[第一],電腦視覺應用實務,"陳彥銘,歐陽振森",C120,(一)5-7
2307,資訊管理系碩士班[第一],人機互動,蘇國瑋,E211,(四)2-4
2308,資訊管理系碩士班[第一],雲端運算,黃文楨,C220,(二)5-7
2309,資訊管理系碩士班[第一],網路規劃與管理,鄭進興,C220,(五)2-4
2310,資訊管理系碩士班[第一],資料應用與安全,莊文勝,C220,(四)5-7
2312,資訊管理系碩士班[第一],大數據分析與R語言,吳明泰,C120,(一)2-4
2313,資訊管理系碩士班[第一],商業智慧與巨量資料分析,黃承龍,C120,(二)2-4
2321,運籌管理系碩士班[第一],運輸經濟,李恒綺,C442,(二)5-7
2322,運籌管理系碩士班[第一],配送管理,黃山琿,C442,(四)2-4
2323,運籌管理系碩士班[第一],物流中心規劃設計,林立千,C443,(三)2-4
2335,運籌管理系碩士班[第一],服務作業管理,郭幸民,E525,(二)5-7
2340,運籌管理系碩士班[第一],演算法,林燦煌,C433,(四)5-7
2376,運籌管理系碩士班[第一],多變量分析,吳偉銘,C442,(二)2-4
2330,國際管理碩士學位學程,國際企業管理,"邱彥婷,李政勳,阮明勇",E525,(三)7-9
2331,國際管理碩士學位學程,國際財務管理,陳香蘭,C434,(一)2-4
2332,國際管理碩士學位學程,應用統計分析,陳青浩,E319,(二)2-4
2333,國際管理碩士學位學程,企業倫理與永續發展,阮明勇,E525,(一)6-8
2334,國際管理碩士學位學程,管理英文,阮明勇,E525,(四)5-7
2335,國際管理碩士學位學程,服務作業管理,郭幸民,E525,(二)5-7
2337,國際管理碩士學位學程,策略行銷,楊景傅,C351,(四)2-4
2338,國際管理碩士學位學程,顧客關係管理專題,葉曉萍,C356,(三)2-4
2368,創業管理碩士學位學程,研究方法,"簡世文,陳志誠,陳世智",E522,(一)2-4
2369,創業管理碩士學位學程,創業講座(2),王友珊,C446,(一)6
2370,創業管理碩士學位學程,創業實作與體驗(1),李國維,E522,(四)3-4
2371,創業管理碩士學位學程,創業管理與創業計畫書,陳怡君,E522,(二)2-4
2373,創業管理碩士學位學程,社會企業與創業,"陳志坪,楊雅玲",E514,(五)2-4
2374,創業管理碩士學位學程,文化創意產業概論,宋毅仁,E522,(二)5-7
2340,運籌管理系商務經營管理碩士班,演算法,林燦煌,C433,(四)5-7
2375,運籌管理系商務經營管理碩士班,財務報表分析,楊壽麟,C443,(三)7-9
2376,運籌管理系商務經營管理碩士班,多變量分析,吳偉銘,C442,(二)2-4
2377,運籌管理系商務經營管理碩士班,需求分析與預測,李明聰,C442,(五)2-4
2790,金融系碩士班[第一],資料探勘與機器學習理論,翟瑞祥,E118,(二)5-7
2791,金融系碩士班[第一],CFP-風險管理與保險規劃,陳勤明,E313,(四)2-4
2792,金融系碩士班[第一],企業風險管理理論與實務,洪世偉,E313,(一)2-4
2793,金融系碩士班[第一],理財講座,陳勤明,C103,(三)5
2794,金融系碩士班[第一],金融工程學,黃保憲,D202電腦教室,(五)2-4
2795,金融系碩士班[第一],共同基金管理,宋兆賢,E313,(五)5-7
2796,金融系碩士班[第一],不動產估價實務,郭志榮,E317,(一)10-12
2797,金融系碩士班[第一],投資理論與實務,"林君瀌,謝舒帆",E313,(三)2-4
2798,金融系碩士班[第一],票券與債券市場,汪逸真,E313,(二)2-4
2799,金融系碩士班[第一],CFP-基礎理財規劃,沙振言,C103,(二)10-12
2800,金融系碩士班[第一],資產配置管理系統專題,林謙和,E220,(四)5-7
2801,金融系碩士班[第一],CFP-租稅與財產移轉規劃,沙振言,C203,(五)10-12
2802,金融系碩士班[第一],輿情分析與金融決策專題,陳文國,E220,(一)5-7
2354,金融系碩士班[第一],新金融商品研討,翟瑞祥,C433,(三)5-7
2804,金融系碩士班[第一],財金個案研討,闕河士,E313,(五)2-4
2805,金融系碩士班[第一],財報分析研討,王健聰,E313,(三)6-8
2807,財務管理系碩士班,行為財務學,林昭賢,C434,(四)2-4
2808,財務管理系碩士班,財金講座(二),周建新,C434,(三)5
2809,財務管理系碩士班,固定收益證券,王瑪如,C434,(四)6-8
2810,財務管理系碩士班,期貨與選擇權,周建新,C434,(二)5-7
2811,財務管理系碩士班,證券投資分析,林財印,C222,(二)2-4
2814,財務管理系碩士班,ESG永續發展實務,黃致鈞,C434,(三)7-9
2815,財務管理系碩士班,投資管理專題,"羅仙法,蘇玄啟",C222,(一)5-7
2834,風險管理與保險系碩士班[第一],多變量分析,林明俊,C363,(一)5-7
2836,風險管理與保險系碩士班[第一],產物保險經營,賴麗華,E312,(二)2-4
2837,風險管理與保險系碩士班[第一],財務風險管理,陳建華,E312,(一)2-4
2839,風險管理與保險系碩士班[第一],人壽及健康保險專題,許碩芬,C363,(五)5-7
2841,風險管理與保險系碩士班[第一],風險管理專題,周百隆,C363,(四)5-7
540,電機工程系博士班,電腦視覺,游源成,F107,(四)5-7
555,電機工程系博士班,精密運動系統導論,蘇科翰,F107,(三)5-7
557,電機工程系博士班,電玩物理學,黃勤鎰,F107,(二)5-7
558,電機工程系博士班,伺服電機控制,杜國洋,F107,(二)2-4
559,電機工程系博士班,系統建模與鑑別,黃勤鎰,F107,(一)5-7
979,電子工程系[建工|燕巢校區 ],無線通訊系統,林壽煦,B229,(四)5-7
980,電子工程系[建工|燕巢校區 ],電腦視覺,黃世勳,F106,(一)2-4
995,電子工程系[建工|燕巢校區 ],多媒體安全,吳大鈞,F106,(二)5-7
996,電子工程系[建工|燕巢校區 ],數據網路分析,蔡碩仁,F455,(二)2-4
997,電子工程系[建工|燕巢校區 ],高等計算機結構,洪金車,F106,(三)2-4
1513,環境與安全衛生工程系,先進通風系統的理論與應用,蘇崇輝,E403,(四)5-7
1517,環境與安全衛生工程系,回歸分析特論,賴俊吉,F410,(二)10-12
1518,環境與安全衛生工程系,生物偵測特論,李家偉,F410,(一)10-12
1521,環境與安全衛生工程系,工程寫作與發表,陳錫添,F410,(五)2-4
1523,環境與安全衛生工程系,污泥處理與處置,陳勝一,F410,(二)2-4
1527,環境與安全衛生工程系,化學程序安全評估與設計,廖宏章,F108,(三)7-9
1512,工學院工程科技博士班,車輛動態系統,鄭永長,T212,(五)2-4
1513,工學院工程科技博士班,先進通風系統的理論與應用,蘇崇輝,E403,(四)5-7
1516,工學院工程科技博士班,隧道工程,林志森,B118,(三)7-9
1517,工學院工程科技博士班,回歸分析特論,賴俊吉,F410,(二)10-12
1518,工學院工程科技博士班,生物偵測特論,李家偉,F410,(一)10-12
1519,工學院工程科技博士班,結構減震技術,林錦隆,B118,(二)2-4
1521,工學院工程科技博士班,工程寫作與發表,陳錫添,F410,(五)2-4
1522,工學院工程科技博士班,工程糾紛與求償,郭明恩,F146,(五)5-7
1523,工學院工程科技博士班,污泥處理與處置,陳勝一,F410,(二)2-4
1524,工學院工程科技博士班,開放式建築構造,翁佳樑,F146,(二)5-7
1525,工學院工程科技博士班,生產力評量與控制,林建良,B118,(二)5-7
1526,工學院工程科技博士班,坡地工程與生態技術,范嘉程,B119,(一)5-7
1527,工學院工程科技博士班,化學程序安全評估與設計,廖宏章,F108,(三)7-9
5430,工學院工程科技博士班,營建管理資訊系統,陳懿佐,F146,(四)5-7
2339,管理學院博士班,研究方法,郭訓志,E118,(三)2-4
2340,管理學院博士班,演算法,林燦煌,C433,(四)5-7
2341,管理學院博士班,金融市場與機構研討,陳勤明,C333,(二)2-4
2342,管理學院博士班,風險決策分析,陳彥銘,E211,(二)5-7
2343,管理學院博士班,財務理論,"羅仙法,蘇玄啟",C433,(一)2-4
2345,管理學院博士班,時間序列分析,魏裕珍,C433,(五)2-4
2346,管理學院博士班,行為財務專題,洪世偉,C433,(二)5-7
2347,管理學院博士班,消費者行為專題,葛關復勇,E425,(一)2-4
2348,管理學院博士班,行銷管理研究專題,謝致慧,E423,(四)2-4
2349,管理學院博士班,資訊管理系統專題,許孟祥,C434,(五)2-4
2350,管理學院博士班,連鎖企業管理專題,簡施儀,C356,(二)5-7
2351,管理學院博士班,學術與實務講座(二),楊景傅,C433,(一)5
2352,管理學院博士班,衍生性金融商品專題,周建新,C433,(二)10-12
5444,管理學院博士班,風險理論,林明俊,E118,(三)5-7
2354,管理學院博士班,新金融商品研討,翟瑞祥,C433,(三)5-7
2355,管理學院博士班,投資心理學專題,林昭賢,C434,(二)2-4
2356,管理學院博士班,不動產市場投資研討,洪志興,C433,(三)2-4
2357,管理學院博士班,資訊科技專題,周斯畏,E211,(三)2-4
2358,管理學院博士班,電子商務理論與管理,"周棟祥,陳世智",C433,(四)2-4
2630,金融系,金融市場,鐘戊典,E115,(一)10-12
2631,金融系,程式設計,王士銘,E220,(四)10-12
2632,金融系,微積分(二),"林君瀌,翟瑞祥",C203,(二)10-12
2633,金融系,會計學(二),"吳怡慧,王健聰",E115,(六)5-7
2634,金融系,經濟學(二),"楊德源,陳尚武",E115,(六)2-4
2635,金融系,金融法規(二),黃耀平,E115,(三)11-12
4196,金融系,中文閱讀與表達(二),劉禹賢,E115,(六)11-12
5037,金融系,實用英文(二),盧仕純,E115,(六)9-10
2636,金融系,財務管理,闕河士,C203,(六)5-7
2637,金融系,統計學(二),黃保憲,E220,(三)11-13
2638,金融系,貨幣銀行,楊筑安,C103,(一)10-12
2639,金融系,管理學,呂玠樺,C103,(五)10-12
2640,金融系,總體經濟學,"楊德源,王瑞榮",E115,(二)10-12
4645,金融系,博雅(全球)東南亞文化與社會,劉玉菁,E210,(六)12-13
4646,金融系,博雅(歷史)世界文化史,劉玉菁,E210,(六)10-11
2641,金融系,財務報表分析,"吳怡慧,王健聰",E317,(六)2-4
2642,金融系,國際財務管理,廖瓊正,E115,(四)10-12
2643,金融系,實務專題(二),金立誠,E118,(三)11-12
2644,金融系,企業風險管理,洪世偉,E307,(二)10-12
2645,金融系,行為金融決策,陳喬羚,E317,(五)10-12
2646,金融系,金融個案研討,"陳文國,汪逸真",C203,(一)10-12
4019,金融系,企業倫理與永續發展,陳喬羚,E317,(六)5-6
2647,金融系,證券投資分析,蔡宗廷,E313,(五)10-12
2649,金融系,金融行銷,呂玠樺,E313,(一)10-12
2650,金融系,土地開發實務,陳世雷,E304,(二)10-12
4019,管理學院,企業倫理與永續發展,陳喬羚,E317,(六)5-6
4196,基礎教育中心,中文閱讀與表達(二),劉禹賢,E115,(六)11-12
4645,博雅教育中心,博雅(全球)東南亞文化與社會,劉玉菁,E210,(六)12-13
4646,博雅教育中心,博雅(歷史)世界文化史,劉玉菁,E210,(六)10-11
5037,外語教育中心,實用英文(二),盧仕純,E115,(六)9-10
27,電機系智慧自動化系統碩士班,精密運動系統導論,蘇科翰,F107,(四)10-12
28,電機系智慧自動化系統碩士班,電玩物理學,黃勤鎰,F107,(一)10-12
29,電機系智慧自動化系統碩士班,伺服電機控制,杜國洋,F107,(二)10-12
30,電機系智慧自動化系統碩士班,影像處理與應用,游源成,F107,(三)10-12
344,電子工程系碩專班[第一],微波工程,許耀文,B225,(三)7-9
346,電子工程系碩專班[第一],台鐵通訊系統實務,彭君晏,B222,(四)10-12
347,電子工程系碩專班[第一],輕軌號誌系統實務,施勇全,B222,(二)10-12
348,電子工程系碩專班[第一],無線通訊技術,梁毓珊,B504,(二)2-4
349,電子工程系碩專班[第一],電力轉換器分析與產業應用,范淑媛,E014,(四)2-4
351,電子工程系碩專班[第一],機器學習與實作,陳朝烈,B504,(三)7-9
352,電子工程系碩專班[第一],電力轉換電路設計,曾國境,S202,(三)2-4
353,電子工程系碩專班[第一],電能儲存與電力轉換技術,曾國境,S202,(二)7-9
354,電子工程系碩專班[第一],智能系統與物聯網技術應用,葉期財,B504,(一)2-4
359,電子工程系碩專班[第一],鐵道技術研討(四),張簡嘉壬,H303,(五)10-12
360,電子工程系碩專班[第一],軌道工程RAMS規範及實證應用系列-EN50129,張簡嘉壬,B222,(一)10-12
361,電子工程系碩專班[第一],鐵道專案系統工程與保證系列,劉觀生,B222,(三)10-12
377,電腦與通訊工程系碩專班,人工智慧理論與應用,曾士桓,B125,(四)10-12
378,電腦與通訊工程系碩專班,論文與技術報告寫作專題研討,"彭康峻,徐偉智,萬欽德,郝敏忠",B125,(三)10-12
379,電腦與通訊工程系碩專班,資料壓縮原理與應用,洪金車,B125,(二)10-12
1471,機電工程系,運動控制系統導論,薛博文,T212,(一)10-12
1472,機電工程系,科技報告寫作,郭文正,B116,(三)10-12
1473,機電工程系,金屬成形技術,郭峻志,T212,(四)10-12
1474,機電工程系,軌道車輛動力分析,鄭永長,B339,(二)10-12
1539,環境與安全衛生工程系碩專班,人因工程,許德仁,B122,(三)10-12
1540,環境與安全衛生工程系碩專班,工業廢氣處理,洪崇軒,F108,(六)2-4
1541,環境與安全衛生工程系碩專班,污泥處理與處置,陳勝一,B124,(四)10-12
1542,環境與安全衛生工程系碩專班,風險危害評估特論,廖宏章,B124,(二)10-12
1543,環境與安全衛生工程系碩專班,廢水生物處理及設計,"蔡宗岳,周志儒",B122,(一)10-12
1544,環境與安全衛生工程系碩專班,工業與環境毒物學特論,許昺奇,B122,(二)10-12
1845,應用日語系碩士專班,台日社會文化比較研究,王天保,D516,(一)10-12
1847,應用日語系碩士專班,日本觀光資產研究,劉伯雯,D516,(六)2-4
1848,應用日語系碩士專班,日本貿易構造專題研究,陳志坪,D206B,(三)10-12
1906,營建工程系營建工程與管理碩專班,永續營建,翁佳樑,F129,(二)10-12
1907,營建工程系營建工程與管理碩專班,椿基礎工程,林志森,F129,(五)10-12
1908,營建工程系營建工程與管理碩專班,營建管理資訊系統,陳懿佐,B337,(四)10-12
1909,營建工程系營建工程與管理碩專班,生產力評量與控制,林建良,F129,(三)10-12
1911,營建工程系營建工程與管理碩專班,工程糾紛與求償,郭明恩,F129,(一)10-12
2270,高階主管經營管理碩專班,電子商務專題研討,"朱彥銘,蘇國瑋,許孟祥",C433,(日)2-4
2271,高階主管經營管理碩專班,供應鏈管理專題研討,蔡坤穆,C433,(六)2-4
2272,高階主管經營管理碩專班,高階經營管理專題研討(二),周棟祥,C433,(六)7-8
2274,高階主管經營管理碩專班,人力資源管理專題研討,"黃佳純,董玉娟,王湧泉",C446,(日)5-7
2275,高階主管經營管理碩專班,獨立研究(二),洪志興,C446,(日)2-4
2276,高階主管經營管理碩專班,金融市場與投資,洪志興,C446,(六)2-4
2277,高階主管經營管理碩專班,企業實務專題研討(二),洪郁雯,C446,(六)10-12
2278,高階主管經營管理碩專班,企業實務專題研討(二),"周棟祥,陳世智",C446,(日)10-12
2292,行銷與流通管理系碩士專班,智慧商務專題,"歐宗殷,陳國樑",C116,(六)2-4
2293,行銷與流通管理系碩士專班,質化研究,陳志誠,C356,(日)2-4
2294,行銷與流通管理系碩士專班,量化研究,"葉曉萍,李婉怡",C116,(日)2-4
2295,行銷與流通管理系碩士專班,產業政策分析專題,朱國光,C356,(二)10-12
2296,行銷與流通管理系碩士專班,國際流通實務專題1,陳宏仁,C116,(三)10-12
2316,資訊管理系碩士專班[第一],精實生產系統,蔡耀德,C117,(五)10-12
2317,資訊管理系碩士專班[第一],人工智慧與深度學習,黃承龍,C120,(二)10-12
2318,資訊管理系碩士專班[第一],電子商務理論與管理,黃照貴,C117,(三)10-12
2319,資訊管理系碩士專班[第一],資料庫系統與資料倉儲,曾守正,C220,(四)10-12
2325,運籌管理系碩士專班[第一],供應鏈管理,林立千,C442,(一)10-12
2327,運籌管理系碩士專班[第一],企業資源規劃,蕭俊彥,C338,(四)10-12
2360,科技法律研究所碩士專班[第一],新興科技法制專題研究,王勁力,C444,(二)10-12
2361,科技法律研究所碩士專班[第一],財政法專題研究,廖欽福,C444,(三)10-12
2362,科技法律研究所碩士專班[第一],ESG之企業法遵與實務專題,龍仕璋,C445,(一)10-12
2363,科技法律研究所碩士專班[第一],行政法,廖欽福,C445,(二)10-12
2364,科技法律研究所碩士專班[第一],刑事訴訟法,林書楷,C444,(五)10-12
2365,科技法律研究所碩士專班[第一],民事訴訟法,杜貞儀,C444,(一)10-12
2367,科技法律研究所碩士專班[第一],智慧財產權法專題研究(二),鄭莞鈴,C219,(四)10-12
2379,運籌管理系商務經營管理碩士班,人力資源管理,劉宜芬,C443,(一)10-12
2380,運籌管理系商務經營管理碩士班,系統分析與設計,陳育欣,C338,(三)10-12
2382,運籌管理系商務經營管理碩士班,企業風險管理,楊壽麟,C443,(五)10-12
2782,金融系碩士專班[第一],投資學,楊筑安,C103,(三)10-12
2783,金融系碩士專班[第一],財務管理,林君瀌,C333,(一)10-12
2784,金融系碩士專班[第一],加密貨幣與去中心化金融,黃信嘉,C333,(六)2-4
2785,金融系碩士專班[第一],金融大數據分析,黃保憲,E118,(五)10-12
2786,金融系碩士專班[第一],選擇權,絲文銘,E118,(四)10-12
2787,金融系碩士專班[第一],票券與債券市場,汪逸真,C333,(二)10-12
2816,財務管理系碩士專班[第一],個人理財,蔡繡容,C434,(一)10-12
2817,財務管理系碩士專班[第一],租稅規劃,康瑞亨,C434,(六)5-7
2818,財務管理系碩士專班[第一],期貨與選擇權,周建新,C434,(六)2-4
2819,財務管理系碩士專班[第一],財務風險管理,林楚雄,C434,(四)10-12
2842,風險管理與保險系碩士專班,金融風險研討,陳建華,E312,(一)10-12
2843,風險管理與保險系碩士專班,人壽及健康保險研討,林育宏,E312,(三)10-12
2845,風險管理與保險系碩士專班,全方位理財規劃,"鄭憲超,莊介博",E319,(六)2-4
2846,風險管理與保險系碩士專班,租稅與財產移轉規劃,黃立宇,E312,(二)10-12
